id,label
User10_5000-5100,1
User10_5100-5200,0
User10_5200-5300,0
User10_5300-5400,1
User10_5400-5500,0
User10_5500-5600,0
User10_5600-5700,1
User10_5700-5800,0
User10_5800-5900,0
User10_5900-6000,0
User10_6000-6100,0
User10_6100-6200,0
User10_6200-6300,0
User10_6300-6400,0
User10_6400-6500,0
User10_6500-6600,0
User10_6600-6700,0
User10_6700-6800,0
User10_6800-6900,0
User10_6900-7000,0
User10_7000-7100,0
User10_7100-7200,0
User10_7200-7300,0
User10_7300-7400,0
User10_7400-7500,0
User10_7500-7600,0
User10_7600-7700,0
User10_7700-7800,0
User10_7800-7900,0
User10_7900-8000,0
User10_8000-8100,0
User10_8100-8200,0
User10_8200-8300,0
User10_8300-8400,1
User10_8400-8500,0
User10_8500-8600,0
User10_8600-8700,0
User10_8700-8800,0
User10_8800-8900,0
User10_8900-9000,0
User10_9000-9100,0
User10_9100-9200,0
User10_9200-9300,0
User10_9300-9400,0
User10_9400-9500,0
User10_9500-9600,0
User10_9600-9700,0
User10_9700-9800,0
User10_9800-9900,0
User10_9900-10000,0
User10_10000-10100,1
User10_10100-10200,0
User10_10200-10300,0
User10_10300-10400,0
User10_10400-10500,0
User10_10500-10600,0
User10_10600-10700,0
User10_10700-10800,1
User10_10800-10900,0
User10_10900-11000,0
User10_11000-11100,0
User10_11100-11200,0
User10_11200-11300,1
User10_11300-11400,0
User10_11400-11500,0
User10_11500-11600,0
User10_11600-11700,0
User10_11700-11800,0
User10_11800-11900,0
User10_11900-12000,0
User10_12000-12100,0
User10_12100-12200,0
User10_12200-12300,1
User10_12300-12400,1
User10_12400-12500,0
User10_12500-12600,0
User10_12600-12700,0
User10_12700-12800,0
User10_12800-12900,0
User10_12900-13000,0
User10_13000-13100,0
User10_13100-13200,0
User10_13200-13300,0
User10_13300-13400,0
User10_13400-13500,0
User10_13500-13600,0
User10_13600-13700,0
User10_13700-13800,0
User10_13800-13900,1
User10_13900-14000,0
User10_14000-14100,0
User10_14100-14200,0
User10_14200-14300,0
User10_14300-14400,0
User10_14400-14500,0
User10_14500-14600,0
User10_14600-14700,0
User10_14700-14800,0
User10_14800-14900,0
User10_14900-15000,0
User11_5000-5100,0
User11_5100-5200,0
User11_5200-5300,0
User11_5300-5400,0
User11_5400-5500,0
User11_5500-5600,0
User11_5600-5700,1
User11_5700-5800,0
User11_5800-5900,0
User11_5900-6000,0
User11_6000-6100,0
User11_6100-6200,0
User11_6200-6300,0
User11_6300-6400,0
User11_6400-6500,0
User11_6500-6600,0
User11_6600-6700,0
User11_6700-6800,0
User11_6800-6900,1
User11_6900-7000,0
User11_7000-7100,0
User11_7100-7200,0
User11_7200-7300,0
User11_7300-7400,0
User11_7400-7500,0
User11_7500-7600,0
User11_7600-7700,0
User11_7700-7800,0
User11_7800-7900,0
User11_7900-8000,0
User11_8000-8100,0
User11_8100-8200,0
User11_8200-8300,0
User11_8300-8400,0
User11_8400-8500,0
User11_8500-8600,0
User11_8600-8700,0
User11_8700-8800,0
User11_8800-8900,0
User11_8900-9000,0
User11_9000-9100,0
User11_9100-9200,0
User11_9200-9300,0
User11_9300-9400,0
User11_9400-9500,0
User11_9500-9600,0
User11_9600-9700,0
User11_9700-9800,0
User11_9800-9900,0
User11_9900-10000,0
User11_10000-10100,0
User11_10100-10200,0
User11_10200-10300,0
User11_10300-10400,0
User11_10400-10500,0
User11_10500-10600,0
User11_10600-10700,0
User11_10700-10800,0
User11_10800-10900,0
User11_10900-11000,0
User11_11000-11100,1
User11_11100-11200,0
User11_11200-11300,0
User11_11300-11400,0
User11_11400-11500,0
User11_11500-11600,0
User11_11600-11700,0
User11_11700-11800,0
User11_11800-11900,0
User11_11900-12000,1
User11_12000-12100,1
User11_12100-12200,1
User11_12200-12300,1
User11_12300-12400,1
User11_12400-12500,1
User11_12500-12600,1
User11_12600-12700,0
User11_12700-12800,0
User11_12800-12900,0
User11_12900-13000,0
User11_13000-13100,0
User11_13100-13200,0
User11_13200-13300,0
User11_13300-13400,0
User11_13400-13500,0
User11_13500-13600,0
User11_13600-13700,0
User11_13700-13800,0
User11_13800-13900,0
User11_13900-14000,0
User11_14000-14100,0
User11_14100-14200,0
User11_14200-14300,0
User11_14300-14400,0
User11_14400-14500,0
User11_14500-14600,0
User11_14600-14700,0
User11_14700-14800,0
User11_14800-14900,0
User11_14900-15000,0
User12_5000-5100,0
User12_5100-5200,0
User12_5200-5300,0
User12_5300-5400,0
User12_5400-5500,0
User12_5500-5600,0
User12_5600-5700,0
User12_5700-5800,0
User12_5800-5900,1
User12_5900-6000,0
User12_6000-6100,0
User12_6100-6200,0
User12_6200-6300,1
User12_6300-6400,0
User12_6400-6500,0
User12_6500-6600,0
User12_6600-6700,0
User12_6700-6800,0
User12_6800-6900,0
User12_6900-7000,0
User12_7000-7100,0
User12_7100-7200,1
User12_7200-7300,0
User12_7300-7400,0
User12_7400-7500,0
User12_7500-7600,0
User12_7600-7700,0
User12_7700-7800,0
User12_7800-7900,0
User12_7900-8000,0
User12_8000-8100,0
User12_8100-8200,0
User12_8200-8300,1
User12_8300-8400,0
User12_8400-8500,0
User12_8500-8600,0
User12_8600-8700,0
User12_8700-8800,0
User12_8800-8900,1
User12_8900-9000,0
User12_9000-9100,1
User12_9100-9200,0
User12_9200-9300,0
User12_9300-9400,0
User12_9400-9500,0
User12_9500-9600,1
User12_9600-9700,0
User12_9700-9800,0
User12_9800-9900,0
User12_9900-10000,0
User12_10000-10100,0
User12_10100-10200,0
User12_10200-10300,0
User12_10300-10400,0
User12_10400-10500,0
User12_10500-10600,0
User12_10600-10700,0
User12_10700-10800,0
User12_10800-10900,0
User12_10900-11000,0
User12_11000-11100,0
User12_11100-11200,0
User12_11200-11300,0
User12_11300-11400,0
User12_11400-11500,0
User12_11500-11600,0
User12_11600-11700,0
User12_11700-11800,0
User12_11800-11900,0
User12_11900-12000,0
User12_12000-12100,0
User12_12100-12200,0
User12_12200-12300,0
User12_12300-12400,0
User12_12400-12500,0
User12_12500-12600,0
User12_12600-12700,0
User12_12700-12800,0
User12_12800-12900,0
User12_12900-13000,0
User12_13000-13100,1
User12_13100-13200,0
User12_13200-13300,0
User12_13300-13400,0
User12_13400-13500,0
User12_13500-13600,0
User12_13600-13700,0
User12_13700-13800,0
User12_13800-13900,0
User12_13900-14000,0
User12_14000-14100,0
User12_14100-14200,0
User12_14200-14300,0
User12_14300-14400,1
User12_14400-14500,0
User12_14500-14600,0
User12_14600-14700,0
User12_14700-14800,1
User12_14800-14900,0
User12_14900-15000,0
User13_5000-5100,0
User13_5100-5200,1
User13_5200-5300,1
User13_5300-5400,0
User13_5400-5500,0
User13_5500-5600,0
User13_5600-5700,0
User13_5700-5800,0
User13_5800-5900,0
User13_5900-6000,0
User13_6000-6100,0
User13_6100-6200,0
User13_6200-6300,0
User13_6300-6400,0
User13_6400-6500,0
User13_6500-6600,0
User13_6600-6700,0
User13_6700-6800,0
User13_6800-6900,0
User13_6900-7000,0
User13_7000-7100,0
User13_7100-7200,0
User13_7200-7300,0
User13_7300-7400,1
User13_7400-7500,0
User13_7500-7600,0
User13_7600-7700,0
User13_7700-7800,0
User13_7800-7900,0
User13_7900-8000,0
User13_8000-8100,1
User13_8100-8200,0
User13_8200-8300,0
User13_8300-8400,0
User13_8400-8500,0
User13_8500-8600,0
User13_8600-8700,0
User13_8700-8800,0
User13_8800-8900,0
User13_8900-9000,0
User13_9000-9100,0
User13_9100-9200,0
User13_9200-9300,0
User13_9300-9400,0
User13_9400-9500,0
User13_9500-9600,0
User13_9600-9700,0
User13_9700-9800,0
User13_9800-9900,0
User13_9900-10000,1
User13_10000-10100,0
User13_10100-10200,0
User13_10200-10300,0
User13_10300-10400,0
User13_10400-10500,0
User13_10500-10600,0
User13_10600-10700,0
User13_10700-10800,0
User13_10800-10900,0
User13_10900-11000,0
User13_11000-11100,0
User13_11100-11200,0
User13_11200-11300,0
User13_11300-11400,0
User13_11400-11500,0
User13_11500-11600,0
User13_11600-11700,0
User13_11700-11800,0
User13_11800-11900,0
User13_11900-12000,0
User13_12000-12100,0
User13_12100-12200,0
User13_12200-12300,0
User13_12300-12400,1
User13_12400-12500,0
User13_12500-12600,0
User13_12600-12700,0
User13_12700-12800,0
User13_12800-12900,0
User13_12900-13000,0
User13_13000-13100,1
User13_13100-13200,0
User13_13200-13300,0
User13_13300-13400,0
User13_13400-13500,0
User13_13500-13600,0
User13_13600-13700,1
User13_13700-13800,1
User13_13800-13900,0
User13_13900-14000,0
User13_14000-14100,1
User13_14100-14200,0
User13_14200-14300,0
User13_14300-14400,0
User13_14400-14500,0
User13_14500-14600,0
User13_14600-14700,0
User13_14700-14800,0
User13_14800-14900,0
User13_14900-15000,0
User14_5000-5100,0
User14_5100-5200,1
User14_5200-5300,0
User14_5300-5400,0
User14_5400-5500,0
User14_5500-5600,0
User14_5600-5700,0
User14_5700-5800,0
User14_5800-5900,0
User14_5900-6000,0
User14_6000-6100,0
User14_6100-6200,1
User14_6200-6300,0
User14_6300-6400,0
User14_6400-6500,0
User14_6500-6600,0
User14_6600-6700,0
User14_6700-6800,0
User14_6800-6900,0
User14_6900-7000,0
User14_7000-7100,0
User14_7100-7200,0
User14_7200-7300,0
User14_7300-7400,0
User14_7400-7500,0
User14_7500-7600,0
User14_7600-7700,0
User14_7700-7800,1
User14_7800-7900,0
User14_7900-8000,0
User14_8000-8100,0
User14_8100-8200,0
User14_8200-8300,0
User14_8300-8400,0
User14_8400-8500,0
User14_8500-8600,1
User14_8600-8700,0
User14_8700-8800,0
User14_8800-8900,1
User14_8900-9000,0
User14_9000-9100,0
User14_9100-9200,0
User14_9200-9300,0
User14_9300-9400,1
User14_9400-9500,0
User14_9500-9600,0
User14_9600-9700,0
User14_9700-9800,0
User14_9800-9900,0
User14_9900-10000,0
User14_10000-10100,0
User14_10100-10200,0
User14_10200-10300,0
User14_10300-10400,0
User14_10400-10500,0
User14_10500-10600,0
User14_10600-10700,0
User14_10700-10800,0
User14_10800-10900,0
User14_10900-11000,0
User14_11000-11100,0
User14_11100-11200,0
User14_11200-11300,0
User14_11300-11400,0
User14_11400-11500,0
User14_11500-11600,0
User14_11600-11700,0
User14_11700-11800,0
User14_11800-11900,0
User14_11900-12000,0
User14_12000-12100,0
User14_12100-12200,0
User14_12200-12300,0
User14_12300-12400,1
User14_12400-12500,0
User14_12500-12600,0
User14_12600-12700,0
User14_12700-12800,0
User14_12800-12900,0
User14_12900-13000,0
User14_13000-13100,1
User14_13100-13200,0
User14_13200-13300,0
User14_13300-13400,0
User14_13400-13500,0
User14_13500-13600,1
User14_13600-13700,1
User14_13700-13800,0
User14_13800-13900,0
User14_13900-14000,0
User14_14000-14100,0
User14_14100-14200,0
User14_14200-14300,0
User14_14300-14400,0
User14_14400-14500,0
User14_14500-14600,0
User14_14600-14700,0
User14_14700-14800,0
User14_14800-14900,0
User14_14900-15000,0
User15_5000-5100,1
User15_5100-5200,0
User15_5200-5300,0
User15_5300-5400,0
User15_5400-5500,0
User15_5500-5600,0
User15_5600-5700,0
User15_5700-5800,0
User15_5800-5900,0
User15_5900-6000,0
User15_6000-6100,0
User15_6100-6200,0
User15_6200-6300,0
User15_6300-6400,0
User15_6400-6500,0
User15_6500-6600,0
User15_6600-6700,0
User15_6700-6800,1
User15_6800-6900,1
User15_6900-7000,1
User15_7000-7100,1
User15_7100-7200,0
User15_7200-7300,0
User15_7300-7400,0
User15_7400-7500,0
User15_7500-7600,0
User15_7600-7700,0
User15_7700-7800,0
User15_7800-7900,0
User15_7900-8000,1
User15_8000-8100,0
User15_8100-8200,1
User15_8200-8300,1
User15_8300-8400,0
User15_8400-8500,0
User15_8500-8600,0
User15_8600-8700,1
User15_8700-8800,0
User15_8800-8900,0
User15_8900-9000,0
User15_9000-9100,0
User15_9100-9200,0
User15_9200-9300,0
User15_9300-9400,0
User15_9400-9500,0
User15_9500-9600,0
User15_9600-9700,0
User15_9700-9800,0
User15_9800-9900,0
User15_9900-10000,0
User15_10000-10100,0
User15_10100-10200,0
User15_10200-10300,0
User15_10300-10400,0
User15_10400-10500,0
User15_10500-10600,0
User15_10600-10700,1
User15_10700-10800,0
User15_10800-10900,0
User15_10900-11000,0
User15_11000-11100,0
User15_11100-11200,0
User15_11200-11300,0
User15_11300-11400,0
User15_11400-11500,0
User15_11500-11600,0
User15_11600-11700,0
User15_11700-11800,0
User15_11800-11900,0
User15_11900-12000,0
User15_12000-12100,0
User15_12100-12200,0
User15_12200-12300,0
User15_12300-12400,0
User15_12400-12500,0
User15_12500-12600,0
User15_12600-12700,0
User15_12700-12800,0
User15_12800-12900,0
User15_12900-13000,0
User15_13000-13100,0
User15_13100-13200,0
User15_13200-13300,0
User15_13300-13400,0
User15_13400-13500,0
User15_13500-13600,0
User15_13600-13700,0
User15_13700-13800,0
User15_13800-13900,0
User15_13900-14000,0
User15_14000-14100,0
User15_14100-14200,0
User15_14200-14300,0
User15_14300-14400,0
User15_14400-14500,0
User15_14500-14600,0
User15_14600-14700,0
User15_14700-14800,0
User15_14800-14900,0
User15_14900-15000,0
User16_5000-5100,0
User16_5100-5200,0
User16_5200-5300,0
User16_5300-5400,1
User16_5400-5500,0
User16_5500-5600,0
User16_5600-5700,0
User16_5700-5800,0
User16_5800-5900,0
User16_5900-6000,1
User16_6000-6100,0
User16_6100-6200,0
User16_6200-6300,1
User16_6300-6400,0
User16_6400-6500,0
User16_6500-6600,1
User16_6600-6700,1
User16_6700-6800,0
User16_6800-6900,0
User16_6900-7000,0
User16_7000-7100,0
User16_7100-7200,0
User16_7200-7300,0
User16_7300-7400,0
User16_7400-7500,0
User16_7500-7600,0
User16_7600-7700,0
User16_7700-7800,0
User16_7800-7900,0
User16_7900-8000,0
User16_8000-8100,0
User16_8100-8200,0
User16_8200-8300,0
User16_8300-8400,0
User16_8400-8500,0
User16_8500-8600,0
User16_8600-8700,0
User16_8700-8800,1
User16_8800-8900,0
User16_8900-9000,0
User16_9000-9100,0
User16_9100-9200,0
User16_9200-9300,0
User16_9300-9400,0
User16_9400-9500,0
User16_9500-9600,0
User16_9600-9700,0
User16_9700-9800,0
User16_9800-9900,0
User16_9900-10000,1
User16_10000-10100,0
User16_10100-10200,0
User16_10200-10300,0
User16_10300-10400,0
User16_10400-10500,0
User16_10500-10600,0
User16_10600-10700,0
User16_10700-10800,0
User16_10800-10900,0
User16_10900-11000,0
User16_11000-11100,0
User16_11100-11200,0
User16_11200-11300,0
User16_11300-11400,0
User16_11400-11500,0
User16_11500-11600,0
User16_11600-11700,0
User16_11700-11800,0
User16_11800-11900,1
User16_11900-12000,0
User16_12000-12100,0
User16_12100-12200,0
User16_12200-12300,0
User16_12300-12400,0
User16_12400-12500,0
User16_12500-12600,0
User16_12600-12700,0
User16_12700-12800,0
User16_12800-12900,0
User16_12900-13000,0
User16_13000-13100,0
User16_13100-13200,0
User16_13200-13300,0
User16_13300-13400,0
User16_13400-13500,0
User16_13500-13600,0
User16_13600-13700,1
User16_13700-13800,0
User16_13800-13900,0
User16_13900-14000,0
User16_14000-14100,1
User16_14100-14200,0
User16_14200-14300,0
User16_14300-14400,0
User16_14400-14500,0
User16_14500-14600,0
User16_14600-14700,0
User16_14700-14800,0
User16_14800-14900,0
User16_14900-15000,0
User17_5000-5100,0
User17_5100-5200,0
User17_5200-5300,0
User17_5300-5400,0
User17_5400-5500,0
User17_5500-5600,0
User17_5600-5700,0
User17_5700-5800,1
User17_5800-5900,0
User17_5900-6000,0
User17_6000-6100,0
User17_6100-6200,0
User17_6200-6300,0
User17_6300-6400,0
User17_6400-6500,0
User17_6500-6600,0
User17_6600-6700,0
User17_6700-6800,0
User17_6800-6900,0
User17_6900-7000,0
User17_7000-7100,0
User17_7100-7200,1
User17_7200-7300,0
User17_7300-7400,1
User17_7400-7500,0
User17_7500-7600,1
User17_7600-7700,0
User17_7700-7800,0
User17_7800-7900,0
User17_7900-8000,1
User17_8000-8100,0
User17_8100-8200,0
User17_8200-8300,0
User17_8300-8400,0
User17_8400-8500,0
User17_8500-8600,0
User17_8600-8700,0
User17_8700-8800,0
User17_8800-8900,0
User17_8900-9000,0
User17_9000-9100,0
User17_9100-9200,0
User17_9200-9300,0
User17_9300-9400,0
User17_9400-9500,0
User17_9500-9600,0
User17_9600-9700,0
User17_9700-9800,0
User17_9800-9900,0
User17_9900-10000,0
User17_10000-10100,0
User17_10100-10200,0
User17_10200-10300,0
User17_10300-10400,0
User17_10400-10500,0
User17_10500-10600,0
User17_10600-10700,0
User17_10700-10800,0
User17_10800-10900,0
User17_10900-11000,1
User17_11000-11100,1
User17_11100-11200,1
User17_11200-11300,0
User17_11300-11400,0
User17_11400-11500,0
User17_11500-11600,0
User17_11600-11700,0
User17_11700-11800,0
User17_11800-11900,0
User17_11900-12000,0
User17_12000-12100,0
User17_12100-12200,0
User17_12200-12300,1
User17_12300-12400,0
User17_12400-12500,0
User17_12500-12600,0
User17_12600-12700,0
User17_12700-12800,0
User17_12800-12900,0
User17_12900-13000,0
User17_13000-13100,0
User17_13100-13200,0
User17_13200-13300,0
User17_13300-13400,0
User17_13400-13500,0
User17_13500-13600,0
User17_13600-13700,1
User17_13700-13800,0
User17_13800-13900,0
User17_13900-14000,0
User17_14000-14100,0
User17_14100-14200,0
User17_14200-14300,0
User17_14300-14400,0
User17_14400-14500,0
User17_14500-14600,0
User17_14600-14700,0
User17_14700-14800,0
User17_14800-14900,0
User17_14900-15000,0
User18_5000-5100,0
User18_5100-5200,0
User18_5200-5300,0
User18_5300-5400,0
User18_5400-5500,1
User18_5500-5600,0
User18_5600-5700,0
User18_5700-5800,1
User18_5800-5900,0
User18_5900-6000,0
User18_6000-6100,0
User18_6100-6200,0
User18_6200-6300,0
User18_6300-6400,0
User18_6400-6500,0
User18_6500-6600,0
User18_6600-6700,0
User18_6700-6800,0
User18_6800-6900,0
User18_6900-7000,0
User18_7000-7100,0
User18_7100-7200,0
User18_7200-7300,0
User18_7300-7400,0
User18_7400-7500,0
User18_7500-7600,0
User18_7600-7700,0
User18_7700-7800,0
User18_7800-7900,0
User18_7900-8000,0
User18_8000-8100,0
User18_8100-8200,0
User18_8200-8300,0
User18_8300-8400,0
User18_8400-8500,0
User18_8500-8600,0
User18_8600-8700,0
User18_8700-8800,0
User18_8800-8900,0
User18_8900-9000,0
User18_9000-9100,0
User18_9100-9200,0
User18_9200-9300,0
User18_9300-9400,0
User18_9400-9500,0
User18_9500-9600,0
User18_9600-9700,0
User18_9700-9800,0
User18_9800-9900,0
User18_9900-10000,0
User18_10000-10100,0
User18_10100-10200,0
User18_10200-10300,0
User18_10300-10400,0
User18_10400-10500,0
User18_10500-10600,0
User18_10600-10700,0
User18_10700-10800,0
User18_10800-10900,0
User18_10900-11000,1
User18_11000-11100,1
User18_11100-11200,0
User18_11200-11300,1
User18_11300-11400,1
User18_11400-11500,1
User18_11500-11600,1
User18_11600-11700,1
User18_11700-11800,0
User18_11800-11900,0
User18_11900-12000,0
User18_12000-12100,0
User18_12100-12200,0
User18_12200-12300,0
User18_12300-12400,0
User18_12400-12500,0
User18_12500-12600,0
User18_12600-12700,0
User18_12700-12800,0
User18_12800-12900,0
User18_12900-13000,0
User18_13000-13100,0
User18_13100-13200,0
User18_13200-13300,0
User18_13300-13400,0
User18_13400-13500,0
User18_13500-13600,0
User18_13600-13700,0
User18_13700-13800,0
User18_13800-13900,0
User18_13900-14000,0
User18_14000-14100,0
User18_14100-14200,0
User18_14200-14300,0
User18_14300-14400,0
User18_14400-14500,0
User18_14500-14600,0
User18_14600-14700,0
User18_14700-14800,0
User18_14800-14900,1
User18_14900-15000,0
User19_5000-5100,0
User19_5100-5200,0
User19_5200-5300,1
User19_5300-5400,1
User19_5400-5500,0
User19_5500-5600,0
User19_5600-5700,0
User19_5700-5800,0
User19_5800-5900,0
User19_5900-6000,0
User19_6000-6100,0
User19_6100-6200,0
User19_6200-6300,0
User19_6300-6400,0
User19_6400-6500,0
User19_6500-6600,0
User19_6600-6700,0
User19_6700-6800,0
User19_6800-6900,0
User19_6900-7000,0
User19_7000-7100,0
User19_7100-7200,0
User19_7200-7300,0
User19_7300-7400,0
User19_7400-7500,0
User19_7500-7600,0
User19_7600-7700,0
User19_7700-7800,0
User19_7800-7900,0
User19_7900-8000,0
User19_8000-8100,1
User19_8100-8200,0
User19_8200-8300,0
User19_8300-8400,0
User19_8400-8500,0
User19_8500-8600,0
User19_8600-8700,0
User19_8700-8800,0
User19_8800-8900,0
User19_8900-9000,0
User19_9000-9100,0
User19_9100-9200,1
User19_9200-9300,0
User19_9300-9400,0
User19_9400-9500,0
User19_9500-9600,0
User19_9600-9700,1
User19_9700-9800,0
User19_9800-9900,0
User19_9900-10000,0
User19_10000-10100,0
User19_10100-10200,0
User19_10200-10300,0
User19_10300-10400,0
User19_10400-10500,0
User19_10500-10600,0
User19_10600-10700,1
User19_10700-10800,0
User19_10800-10900,0
User19_10900-11000,0
User19_11000-11100,0
User19_11100-11200,0
User19_11200-11300,0
User19_11300-11400,0
User19_11400-11500,0
User19_11500-11600,0
User19_11600-11700,1
User19_11700-11800,0
User19_11800-11900,0
User19_11900-12000,0
User19_12000-12100,0
User19_12100-12200,0
User19_12200-12300,0
User19_12300-12400,0
User19_12400-12500,0
User19_12500-12600,0
User19_12600-12700,0
User19_12700-12800,0
User19_12800-12900,1
User19_12900-13000,0
User19_13000-13100,0
User19_13100-13200,0
User19_13200-13300,0
User19_13300-13400,0
User19_13400-13500,0
User19_13500-13600,0
User19_13600-13700,0
User19_13700-13800,0
User19_13800-13900,0
User19_13900-14000,0
User19_14000-14100,0
User19_14100-14200,0
User19_14200-14300,0
User19_14300-14400,0
User19_14400-14500,0
User19_14500-14600,0
User19_14600-14700,1
User19_14700-14800,0
User19_14800-14900,0
User19_14900-15000,1
User20_5000-5100,0
User20_5100-5200,0
User20_5200-5300,0
User20_5300-5400,0
User20_5400-5500,0
User20_5500-5600,0
User20_5600-5700,0
User20_5700-5800,0
User20_5800-5900,0
User20_5900-6000,1
User20_6000-6100,0
User20_6100-6200,0
User20_6200-6300,0
User20_6300-6400,0
User20_6400-6500,0
User20_6500-6600,0
User20_6600-6700,1
User20_6700-6800,0
User20_6800-6900,0
User20_6900-7000,0
User20_7000-7100,0
User20_7100-7200,0
User20_7200-7300,0
User20_7300-7400,0
User20_7400-7500,0
User20_7500-7600,0
User20_7600-7700,0
User20_7700-7800,0
User20_7800-7900,0
User20_7900-8000,0
User20_8000-8100,0
User20_8100-8200,0
User20_8200-8300,0
User20_8300-8400,1
User20_8400-8500,0
User20_8500-8600,0
User20_8600-8700,0
User20_8700-8800,0
User20_8800-8900,1
User20_8900-9000,0
User20_9000-9100,0
User20_9100-9200,0
User20_9200-9300,0
User20_9300-9400,0
User20_9400-9500,0
User20_9500-9600,0
User20_9600-9700,0
User20_9700-9800,1
User20_9800-9900,0
User20_9900-10000,1
User20_10000-10100,0
User20_10100-10200,0
User20_10200-10300,0
User20_10300-10400,0
User20_10400-10500,0
User20_10500-10600,0
User20_10600-10700,0
User20_10700-10800,0
User20_10800-10900,0
User20_10900-11000,0
User20_11000-11100,1
User20_11100-11200,0
User20_11200-11300,0
User20_11300-11400,0
User20_11400-11500,0
User20_11500-11600,0
User20_11600-11700,0
User20_11700-11800,0
User20_11800-11900,0
User20_11900-12000,0
User20_12000-12100,0
User20_12100-12200,1
User20_12200-12300,0
User20_12300-12400,0
User20_12400-12500,0
User20_12500-12600,0
User20_12600-12700,0
User20_12700-12800,0
User20_12800-12900,0
User20_12900-13000,0
User20_13000-13100,0
User20_13100-13200,0
User20_13200-13300,0
User20_13300-13400,0
User20_13400-13500,0
User20_13500-13600,0
User20_13600-13700,0
User20_13700-13800,0
User20_13800-13900,1
User20_13900-14000,0
User20_14000-14100,0
User20_14100-14200,0
User20_14200-14300,1
User20_14300-14400,0
User20_14400-14500,0
User20_14500-14600,0
User20_14600-14700,0
User20_14700-14800,0
User20_14800-14900,0
User20_14900-15000,0
User21_5000-5100,0
User21_5100-5200,0
User21_5200-5300,0
User21_5300-5400,0
User21_5400-5500,0
User21_5500-5600,0
User21_5600-5700,0
User21_5700-5800,0
User21_5800-5900,0
User21_5900-6000,0
User21_6000-6100,0
User21_6100-6200,0
User21_6200-6300,0
User21_6300-6400,0
User21_6400-6500,0
User21_6500-6600,0
User21_6600-6700,0
User21_6700-6800,0
User21_6800-6900,0
User21_6900-7000,0
User21_7000-7100,0
User21_7100-7200,0
User21_7200-7300,0
User21_7300-7400,0
User21_7400-7500,0
User21_7500-7600,1
User21_7600-7700,0
User21_7700-7800,1
User21_7800-7900,0
User21_7900-8000,0
User21_8000-8100,0
User21_8100-8200,1
User21_8200-8300,0
User21_8300-8400,0
User21_8400-8500,0
User21_8500-8600,0
User21_8600-8700,1
User21_8700-8800,0
User21_8800-8900,0
User21_8900-9000,0
User21_9000-9100,0
User21_9100-9200,0
User21_9200-9300,0
User21_9300-9400,0
User21_9400-9500,0
User21_9500-9600,0
User21_9600-9700,1
User21_9700-9800,1
User21_9800-9900,0
User21_9900-10000,0
User21_10000-10100,0
User21_10100-10200,0
User21_10200-10300,0
User21_10300-10400,0
User21_10400-10500,0
User21_10500-10600,0
User21_10600-10700,0
User21_10700-10800,0
User21_10800-10900,0
User21_10900-11000,0
User21_11000-11100,0
User21_11100-11200,0
User21_11200-11300,0
User21_11300-11400,0
User21_11400-11500,0
User21_11500-11600,0
User21_11600-11700,0
User21_11700-11800,1
User21_11800-11900,0
User21_11900-12000,0
User21_12000-12100,0
User21_12100-12200,0
User21_12200-12300,0
User21_12300-12400,0
User21_12400-12500,0
User21_12500-12600,0
User21_12600-12700,0
User21_12700-12800,1
User21_12800-12900,0
User21_12900-13000,0
User21_13000-13100,1
User21_13100-13200,0
User21_13200-13300,0
User21_13300-13400,0
User21_13400-13500,1
User21_13500-13600,0
User21_13600-13700,0
User21_13700-13800,0
User21_13800-13900,0
User21_13900-14000,0
User21_14000-14100,0
User21_14100-14200,0
User21_14200-14300,0
User21_14300-14400,0
User21_14400-14500,0
User21_14500-14600,0
User21_14600-14700,0
User21_14700-14800,0
User21_14800-14900,0
User21_14900-15000,0
User22_5000-5100,0
User22_5100-5200,1
User22_5200-5300,0
User22_5300-5400,0
User22_5400-5500,0
User22_5500-5600,0
User22_5600-5700,0
User22_5700-5800,0
User22_5800-5900,0
User22_5900-6000,0
User22_6000-6100,1
User22_6100-6200,0
User22_6200-6300,1
User22_6300-6400,0
User22_6400-6500,0
User22_6500-6600,0
User22_6600-6700,0
User22_6700-6800,0
User22_6800-6900,1
User22_6900-7000,0
User22_7000-7100,1
User22_7100-7200,0
User22_7200-7300,0
User22_7300-7400,0
User22_7400-7500,0
User22_7500-7600,0
User22_7600-7700,0
User22_7700-7800,0
User22_7800-7900,0
User22_7900-8000,0
User22_8000-8100,0
User22_8100-8200,0
User22_8200-8300,0
User22_8300-8400,0
User22_8400-8500,0
User22_8500-8600,0
User22_8600-8700,0
User22_8700-8800,0
User22_8800-8900,0
User22_8900-9000,0
User22_9000-9100,0
User22_9100-9200,0
User22_9200-9300,0
User22_9300-9400,0
User22_9400-9500,0
User22_9500-9600,0
User22_9600-9700,0
User22_9700-9800,0
User22_9800-9900,0
User22_9900-10000,0
User22_10000-10100,0
User22_10100-10200,0
User22_10200-10300,0
User22_10300-10400,0
User22_10400-10500,0
User22_10500-10600,0
User22_10600-10700,0
User22_10700-10800,0
User22_10800-10900,1
User22_10900-11000,0
User22_11000-11100,0
User22_11100-11200,0
User22_11200-11300,0
User22_11300-11400,0
User22_11400-11500,0
User22_11500-11600,0
User22_11600-11700,0
User22_11700-11800,0
User22_11800-11900,0
User22_11900-12000,0
User22_12000-12100,0
User22_12100-12200,1
User22_12200-12300,0
User22_12300-12400,0
User22_12400-12500,1
User22_12500-12600,0
User22_12600-12700,0
User22_12700-12800,0
User22_12800-12900,0
User22_12900-13000,0
User22_13000-13100,0
User22_13100-13200,0
User22_13200-13300,0
User22_13300-13400,0
User22_13400-13500,0
User22_13500-13600,1
User22_13600-13700,0
User22_13700-13800,0
User22_13800-13900,0
User22_13900-14000,1
User22_14000-14100,0
User22_14100-14200,0
User22_14200-14300,0
User22_14300-14400,0
User22_14400-14500,0
User22_14500-14600,0
User22_14600-14700,0
User22_14700-14800,0
User22_14800-14900,0
User22_14900-15000,0
User23_5000-5100,0
User23_5100-5200,0
User23_5200-5300,0
User23_5300-5400,0
User23_5400-5500,0
User23_5500-5600,0
User23_5600-5700,0
User23_5700-5800,0
User23_5800-5900,0
User23_5900-6000,0
User23_6000-6100,0
User23_6100-6200,0
User23_6200-6300,0
User23_6300-6400,1
User23_6400-6500,0
User23_6500-6600,0
User23_6600-6700,0
User23_6700-6800,0
User23_6800-6900,0
User23_6900-7000,0
User23_7000-7100,0
User23_7100-7200,0
User23_7200-7300,1
User23_7300-7400,1
User23_7400-7500,0
User23_7500-7600,0
User23_7600-7700,0
User23_7700-7800,0
User23_7800-7900,0
User23_7900-8000,0
User23_8000-8100,0
User23_8100-8200,0
User23_8200-8300,0
User23_8300-8400,0
User23_8400-8500,0
User23_8500-8600,0
User23_8600-8700,0
User23_8700-8800,0
User23_8800-8900,0
User23_8900-9000,0
User23_9000-9100,0
User23_9100-9200,0
User23_9200-9300,0
User23_9300-9400,0
User23_9400-9500,0
User23_9500-9600,1
User23_9600-9700,0
User23_9700-9800,0
User23_9800-9900,0
User23_9900-10000,0
User23_10000-10100,0
User23_10100-10200,0
User23_10200-10300,0
User23_10300-10400,1
User23_10400-10500,0
User23_10500-10600,0
User23_10600-10700,0
User23_10700-10800,0
User23_10800-10900,1
User23_10900-11000,0
User23_11000-11100,0
User23_11100-11200,0
User23_11200-11300,0
User23_11300-11400,0
User23_11400-11500,0
User23_11500-11600,0
User23_11600-11700,0
User23_11700-11800,0
User23_11800-11900,0
User23_11900-12000,0
User23_12000-12100,0
User23_12100-12200,0
User23_12200-12300,1
User23_12300-12400,0
User23_12400-12500,0
User23_12500-12600,0
User23_12600-12700,0
User23_12700-12800,0
User23_12800-12900,0
User23_12900-13000,0
User23_13000-13100,0
User23_13100-13200,0
User23_13200-13300,0
User23_13300-13400,0
User23_13400-13500,0
User23_13500-13600,0
User23_13600-13700,0
User23_13700-13800,1
User23_13800-13900,0
User23_13900-14000,1
User23_14000-14100,0
User23_14100-14200,0
User23_14200-14300,0
User23_14300-14400,0
User23_14400-14500,0
User23_14500-14600,0
User23_14600-14700,1
User23_14700-14800,0
User23_14800-14900,0
User23_14900-15000,0
User24_5000-5100,0
User24_5100-5200,0
User24_5200-5300,0
User24_5300-5400,0
User24_5400-5500,0
User24_5500-5600,1
User24_5600-5700,1
User24_5700-5800,0
User24_5800-5900,0
User24_5900-6000,0
User24_6000-6100,0
User24_6100-6200,0
User24_6200-6300,0
User24_6300-6400,0
User24_6400-6500,1
User24_6500-6600,0
User24_6600-6700,0
User24_6700-6800,0
User24_6800-6900,0
User24_6900-7000,0
User24_7000-7100,0
User24_7100-7200,0
User24_7200-7300,0
User24_7300-7400,0
User24_7400-7500,1
User24_7500-7600,0
User24_7600-7700,0
User24_7700-7800,0
User24_7800-7900,0
User24_7900-8000,0
User24_8000-8100,0
User24_8100-8200,0
User24_8200-8300,0
User24_8300-8400,0
User24_8400-8500,1
User24_8500-8600,0
User24_8600-8700,0
User24_8700-8800,0
User24_8800-8900,0
User24_8900-9000,0
User24_9000-9100,0
User24_9100-9200,0
User24_9200-9300,0
User24_9300-9400,0
User24_9400-9500,0
User24_9500-9600,0
User24_9600-9700,0
User24_9700-9800,0
User24_9800-9900,0
User24_9900-10000,0
User24_10000-10100,0
User24_10100-10200,0
User24_10200-10300,0
User24_10300-10400,1
User24_10400-10500,0
User24_10500-10600,0
User24_10600-10700,0
User24_10700-10800,0
User24_10800-10900,0
User24_10900-11000,0
User24_11000-11100,0
User24_11100-11200,0
User24_11200-11300,0
User24_11300-11400,0
User24_11400-11500,0
User24_11500-11600,0
User24_11600-11700,0
User24_11700-11800,0
User24_11800-11900,0
User24_11900-12000,0
User24_12000-12100,0
User24_12100-12200,0
User24_12200-12300,1
User24_12300-12400,0
User24_12400-12500,0
User24_12500-12600,0
User24_12600-12700,0
User24_12700-12800,0
User24_12800-12900,0
User24_12900-13000,0
User24_13000-13100,0
User24_13100-13200,0
User24_13200-13300,0
User24_13300-13400,0
User24_13400-13500,1
User24_13500-13600,0
User24_13600-13700,0
User24_13700-13800,0
User24_13800-13900,0
User24_13900-14000,0
User24_14000-14100,1
User24_14100-14200,0
User24_14200-14300,0
User24_14300-14400,0
User24_14400-14500,0
User24_14500-14600,1
User24_14600-14700,0
User24_14700-14800,0
User24_14800-14900,0
User24_14900-15000,0
User25_5000-5100,0
User25_5100-5200,0
User25_5200-5300,0
User25_5300-5400,0
User25_5400-5500,0
User25_5500-5600,0
User25_5600-5700,0
User25_5700-5800,0
User25_5800-5900,0
User25_5900-6000,0
User25_6000-6100,0
User25_6100-6200,0
User25_6200-6300,0
User25_6300-6400,0
User25_6400-6500,0
User25_6500-6600,0
User25_6600-6700,1
User25_6700-6800,0
User25_6800-6900,0
User25_6900-7000,0
User25_7000-7100,0
User25_7100-7200,0
User25_7200-7300,0
User25_7300-7400,0
User25_7400-7500,1
User25_7500-7600,0
User25_7600-7700,0
User25_7700-7800,0
User25_7800-7900,0
User25_7900-8000,0
User25_8000-8100,0
User25_8100-8200,0
User25_8200-8300,0
User25_8300-8400,0
User25_8400-8500,0
User25_8500-8600,0
User25_8600-8700,0
User25_8700-8800,0
User25_8800-8900,0
User25_8900-9000,0
User25_9000-9100,0
User25_9100-9200,0
User25_9200-9300,0
User25_9300-9400,0
User25_9400-9500,0
User25_9500-9600,1
User25_9600-9700,0
User25_9700-9800,0
User25_9800-9900,0
User25_9900-10000,0
User25_10000-10100,0
User25_10100-10200,0
User25_10200-10300,0
User25_10300-10400,0
User25_10400-10500,0
User25_10500-10600,0
User25_10600-10700,0
User25_10700-10800,0
User25_10800-10900,0
User25_10900-11000,0
User25_11000-11100,1
User25_11100-11200,0
User25_11200-11300,0
User25_11300-11400,0
User25_11400-11500,0
User25_11500-11600,0
User25_11600-11700,0
User25_11700-11800,0
User25_11800-11900,0
User25_11900-12000,0
User25_12000-12100,1
User25_12100-12200,0
User25_12200-12300,0
User25_12300-12400,0
User25_12400-12500,0
User25_12500-12600,0
User25_12600-12700,1
User25_12700-12800,0
User25_12800-12900,0
User25_12900-13000,0
User25_13000-13100,0
User25_13100-13200,0
User25_13200-13300,0
User25_13300-13400,1
User25_13400-13500,0
User25_13500-13600,0
User25_13600-13700,0
User25_13700-13800,1
User25_13800-13900,1
User25_13900-14000,0
User25_14000-14100,0
User25_14100-14200,0
User25_14200-14300,0
User25_14300-14400,0
User25_14400-14500,0
User25_14500-14600,0
User25_14600-14700,0
User25_14700-14800,0
User25_14800-14900,0
User25_14900-15000,1
User26_5000-5100,0
User26_5100-5200,0
User26_5200-5300,0
User26_5300-5400,0
User26_5400-5500,0
User26_5500-5600,0
User26_5600-5700,0
User26_5700-5800,0
User26_5800-5900,0
User26_5900-6000,0
User26_6000-6100,0
User26_6100-6200,0
User26_6200-6300,0
User26_6300-6400,0
User26_6400-6500,0
User26_6500-6600,0
User26_6600-6700,0
User26_6700-6800,0
User26_6800-6900,0
User26_6900-7000,1
User26_7000-7100,0
User26_7100-7200,0
User26_7200-7300,0
User26_7300-7400,0
User26_7400-7500,0
User26_7500-7600,0
User26_7600-7700,0
User26_7700-7800,0
User26_7800-7900,0
User26_7900-8000,0
User26_8000-8100,0
User26_8100-8200,1
User26_8200-8300,1
User26_8300-8400,0
User26_8400-8500,0
User26_8500-8600,0
User26_8600-8700,0
User26_8700-8800,0
User26_8800-8900,1
User26_8900-9000,1
User26_9000-9100,0
User26_9100-9200,0
User26_9200-9300,0
User26_9300-9400,0
User26_9400-9500,0
User26_9500-9600,0
User26_9600-9700,0
User26_9700-9800,0
User26_9800-9900,0
User26_9900-10000,0
User26_10000-10100,0
User26_10100-10200,1
User26_10200-10300,1
User26_10300-10400,0
User26_10400-10500,0
User26_10500-10600,0
User26_10600-10700,0
User26_10700-10800,0
User26_10800-10900,0
User26_10900-11000,0
User26_11000-11100,0
User26_11100-11200,0
User26_11200-11300,0
User26_11300-11400,0
User26_11400-11500,0
User26_11500-11600,0
User26_11600-11700,0
User26_11700-11800,0
User26_11800-11900,0
User26_11900-12000,1
User26_12000-12100,0
User26_12100-12200,0
User26_12200-12300,0
User26_12300-12400,0
User26_12400-12500,0
User26_12500-12600,0
User26_12600-12700,0
User26_12700-12800,0
User26_12800-12900,0
User26_12900-13000,0
User26_13000-13100,0
User26_13100-13200,0
User26_13200-13300,1
User26_13300-13400,0
User26_13400-13500,0
User26_13500-13600,0
User26_13600-13700,0
User26_13700-13800,0
User26_13800-13900,0
User26_13900-14000,0
User26_14000-14100,0
User26_14100-14200,0
User26_14200-14300,0
User26_14300-14400,0
User26_14400-14500,0
User26_14500-14600,0
User26_14600-14700,0
User26_14700-14800,1
User26_14800-14900,0
User26_14900-15000,0
User27_5000-5100,0
User27_5100-5200,0
User27_5200-5300,1
User27_5300-5400,0
User27_5400-5500,0
User27_5500-5600,0
User27_5600-5700,0
User27_5700-5800,1
User27_5800-5900,0
User27_5900-6000,0
User27_6000-6100,0
User27_6100-6200,0
User27_6200-6300,0
User27_6300-6400,0
User27_6400-6500,0
User27_6500-6600,0
User27_6600-6700,0
User27_6700-6800,0
User27_6800-6900,0
User27_6900-7000,0
User27_7000-7100,0
User27_7100-7200,0
User27_7200-7300,0
User27_7300-7400,0
User27_7400-7500,0
User27_7500-7600,0
User27_7600-7700,0
User27_7700-7800,1
User27_7800-7900,0
User27_7900-8000,0
User27_8000-8100,0
User27_8100-8200,0
User27_8200-8300,0
User27_8300-8400,1
User27_8400-8500,1
User27_8500-8600,0
User27_8600-8700,0
User27_8700-8800,0
User27_8800-8900,0
User27_8900-9000,0
User27_9000-9100,0
User27_9100-9200,0
User27_9200-9300,0
User27_9300-9400,0
User27_9400-9500,0
User27_9500-9600,0
User27_9600-9700,0
User27_9700-9800,0
User27_9800-9900,0
User27_9900-10000,0
User27_10000-10100,0
User27_10100-10200,0
User27_10200-10300,0
User27_10300-10400,0
User27_10400-10500,0
User27_10500-10600,0
User27_10600-10700,0
User27_10700-10800,0
User27_10800-10900,1
User27_10900-11000,0
User27_11000-11100,1
User27_11100-11200,1
User27_11200-11300,0
User27_11300-11400,0
User27_11400-11500,0
User27_11500-11600,1
User27_11600-11700,0
User27_11700-11800,0
User27_11800-11900,0
User27_11900-12000,0
User27_12000-12100,0
User27_12100-12200,0
User27_12200-12300,0
User27_12300-12400,0
User27_12400-12500,0
User27_12500-12600,0
User27_12600-12700,0
User27_12700-12800,0
User27_12800-12900,0
User27_12900-13000,0
User27_13000-13100,0
User27_13100-13200,0
User27_13200-13300,0
User27_13300-13400,0
User27_13400-13500,1
User27_13500-13600,0
User27_13600-13700,0
User27_13700-13800,0
User27_13800-13900,0
User27_13900-14000,0
User27_14000-14100,0
User27_14100-14200,0
User27_14200-14300,0
User27_14300-14400,0
User27_14400-14500,0
User27_14500-14600,0
User27_14600-14700,0
User27_14700-14800,0
User27_14800-14900,0
User27_14900-15000,0
User28_5000-5100,0
User28_5100-5200,0
User28_5200-5300,0
User28_5300-5400,0
User28_5400-5500,0
User28_5500-5600,0
User28_5600-5700,0
User28_5700-5800,0
User28_5800-5900,0
User28_5900-6000,0
User28_6000-6100,0
User28_6100-6200,0
User28_6200-6300,0
User28_6300-6400,0
User28_6400-6500,0
User28_6500-6600,0
User28_6600-6700,0
User28_6700-6800,0
User28_6800-6900,0
User28_6900-7000,0
User28_7000-7100,0
User28_7100-7200,0
User28_7200-7300,0
User28_7300-7400,0
User28_7400-7500,0
User28_7500-7600,0
User28_7600-7700,0
User28_7700-7800,0
User28_7800-7900,0
User28_7900-8000,0
User28_8000-8100,0
User28_8100-8200,0
User28_8200-8300,0
User28_8300-8400,1
User28_8400-8500,0
User28_8500-8600,1
User28_8600-8700,0
User28_8700-8800,0
User28_8800-8900,0
User28_8900-9000,0
User28_9000-9100,0
User28_9100-9200,0
User28_9200-9300,0
User28_9300-9400,0
User28_9400-9500,0
User28_9500-9600,0
User28_9600-9700,0
User28_9700-9800,0
User28_9800-9900,0
User28_9900-10000,0
User28_10000-10100,0
User28_10100-10200,0
User28_10200-10300,1
User28_10300-10400,1
User28_10400-10500,0
User28_10500-10600,0
User28_10600-10700,0
User28_10700-10800,0
User28_10800-10900,0
User28_10900-11000,0
User28_11000-11100,0
User28_11100-11200,0
User28_11200-11300,0
User28_11300-11400,1
User28_11400-11500,0
User28_11500-11600,0
User28_11600-11700,0
User28_11700-11800,0
User28_11800-11900,0
User28_11900-12000,1
User28_12000-12100,0
User28_12100-12200,0
User28_12200-12300,0
User28_12300-12400,0
User28_12400-12500,0
User28_12500-12600,0
User28_12600-12700,0
User28_12700-12800,0
User28_12800-12900,0
User28_12900-13000,1
User28_13000-13100,0
User28_13100-13200,0
User28_13200-13300,0
User28_13300-13400,0
User28_13400-13500,0
User28_13500-13600,0
User28_13600-13700,0
User28_13700-13800,0
User28_13800-13900,0
User28_13900-14000,1
User28_14000-14100,0
User28_14100-14200,0
User28_14200-14300,0
User28_14300-14400,0
User28_14400-14500,0
User28_14500-14600,0
User28_14600-14700,0
User28_14700-14800,1
User28_14800-14900,0
User28_14900-15000,1
User29_5000-5100,0
User29_5100-5200,0
User29_5200-5300,0
User29_5300-5400,1
User29_5400-5500,0
User29_5500-5600,0
User29_5600-5700,0
User29_5700-5800,0
User29_5800-5900,0
User29_5900-6000,0
User29_6000-6100,0
User29_6100-6200,0
User29_6200-6300,0
User29_6300-6400,0
User29_6400-6500,0
User29_6500-6600,0
User29_6600-6700,0
User29_6700-6800,0
User29_6800-6900,0
User29_6900-7000,0
User29_7000-7100,0
User29_7100-7200,0
User29_7200-7300,0
User29_7300-7400,0
User29_7400-7500,1
User29_7500-7600,1
User29_7600-7700,0
User29_7700-7800,1
User29_7800-7900,0
User29_7900-8000,0
User29_8000-8100,0
User29_8100-8200,0
User29_8200-8300,0
User29_8300-8400,1
User29_8400-8500,0
User29_8500-8600,1
User29_8600-8700,0
User29_8700-8800,0
User29_8800-8900,0
User29_8900-9000,0
User29_9000-9100,0
User29_9100-9200,0
User29_9200-9300,0
User29_9300-9400,0
User29_9400-9500,0
User29_9500-9600,0
User29_9600-9700,0
User29_9700-9800,0
User29_9800-9900,0
User29_9900-10000,0
User29_10000-10100,0
User29_10100-10200,1
User29_10200-10300,0
User29_10300-10400,0
User29_10400-10500,0
User29_10500-10600,0
User29_10600-10700,0
User29_10700-10800,0
User29_10800-10900,0
User29_10900-11000,0
User29_11000-11100,0
User29_11100-11200,0
User29_11200-11300,0
User29_11300-11400,0
User29_11400-11500,0
User29_11500-11600,0
User29_11600-11700,0
User29_11700-11800,0
User29_11800-11900,0
User29_11900-12000,0
User29_12000-12100,0
User29_12100-12200,0
User29_12200-12300,0
User29_12300-12400,0
User29_12400-12500,0
User29_12500-12600,0
User29_12600-12700,0
User29_12700-12800,0
User29_12800-12900,0
User29_12900-13000,0
User29_13000-13100,0
User29_13100-13200,0
User29_13200-13300,0
User29_13300-13400,0
User29_13400-13500,0
User29_13500-13600,0
User29_13600-13700,0
User29_13700-13800,0
User29_13800-13900,1
User29_13900-14000,0
User29_14000-14100,0
User29_14100-14200,0
User29_14200-14300,1
User29_14300-14400,0
User29_14400-14500,0
User29_14500-14600,1
User29_14600-14700,0
User29_14700-14800,0
User29_14800-14900,0
User29_14900-15000,0
User30_5000-5100,0
User30_5100-5200,0
User30_5200-5300,0
User30_5300-5400,0
User30_5400-5500,0
User30_5500-5600,0
User30_5600-5700,1
User30_5700-5800,0
User30_5800-5900,0
User30_5900-6000,0
User30_6000-6100,0
User30_6100-6200,0
User30_6200-6300,0
User30_6300-6400,0
User30_6400-6500,0
User30_6500-6600,0
User30_6600-6700,0
User30_6700-6800,0
User30_6800-6900,0
User30_6900-7000,0
User30_7000-7100,0
User30_7100-7200,0
User30_7200-7300,1
User30_7300-7400,0
User30_7400-7500,0
User30_7500-7600,0
User30_7600-7700,0
User30_7700-7800,0
User30_7800-7900,0
User30_7900-8000,0
User30_8000-8100,0
User30_8100-8200,0
User30_8200-8300,0
User30_8300-8400,0
User30_8400-8500,0
User30_8500-8600,0
User30_8600-8700,0
User30_8700-8800,0
User30_8800-8900,0
User30_8900-9000,0
User30_9000-9100,0
User30_9100-9200,0
User30_9200-9300,0
User30_9300-9400,0
User30_9400-9500,0
User30_9500-9600,0
User30_9600-9700,0
User30_9700-9800,0
User30_9800-9900,0
User30_9900-10000,0
User30_10000-10100,0
User30_10100-10200,0
User30_10200-10300,0
User30_10300-10400,0
User30_10400-10500,0
User30_10500-10600,0
User30_10600-10700,0
User30_10700-10800,0
User30_10800-10900,0
User30_10900-11000,1
User30_11000-11100,0
User30_11100-11200,0
User30_11200-11300,1
User30_11300-11400,0
User30_11400-11500,1
User30_11500-11600,0
User30_11600-11700,0
User30_11700-11800,0
User30_11800-11900,0
User30_11900-12000,0
User30_12000-12100,0
User30_12100-12200,0
User30_12200-12300,1
User30_12300-12400,0
User30_12400-12500,0
User30_12500-12600,1
User30_12600-12700,0
User30_12700-12800,0
User30_12800-12900,0
User30_12900-13000,0
User30_13000-13100,0
User30_13100-13200,0
User30_13200-13300,0
User30_13300-13400,0
User30_13400-13500,0
User30_13500-13600,0
User30_13600-13700,0
User30_13700-13800,0
User30_13800-13900,0
User30_13900-14000,0
User30_14000-14100,0
User30_14100-14200,0
User30_14200-14300,1
User30_14300-14400,0
User30_14400-14500,1
User30_14500-14600,0
User30_14600-14700,1
User30_14700-14800,0
User30_14800-14900,0
User30_14900-15000,0
User31_5000-5100,0
User31_5100-5200,0
User31_5200-5300,0
User31_5300-5400,0
User31_5400-5500,1
User31_5500-5600,0
User31_5600-5700,0
User31_5700-5800,0
User31_5800-5900,1
User31_5900-6000,0
User31_6000-6100,0
User31_6100-6200,1
User31_6200-6300,0
User31_6300-6400,0
User31_6400-6500,0
User31_6500-6600,0
User31_6600-6700,0
User31_6700-6800,0
User31_6800-6900,0
User31_6900-7000,0
User31_7000-7100,0
User31_7100-7200,0
User31_7200-7300,0
User31_7300-7400,0
User31_7400-7500,0
User31_7500-7600,0
User31_7600-7700,0
User31_7700-7800,0
User31_7800-7900,0
User31_7900-8000,0
User31_8000-8100,0
User31_8100-8200,0
User31_8200-8300,0
User31_8300-8400,0
User31_8400-8500,0
User31_8500-8600,0
User31_8600-8700,0
User31_8700-8800,0
User31_8800-8900,0
User31_8900-9000,1
User31_9000-9100,0
User31_9100-9200,1
User31_9200-9300,0
User31_9300-9400,0
User31_9400-9500,0
User31_9500-9600,1
User31_9600-9700,0
User31_9700-9800,0
User31_9800-9900,0
User31_9900-10000,0
User31_10000-10100,0
User31_10100-10200,0
User31_10200-10300,0
User31_10300-10400,1
User31_10400-10500,1
User31_10500-10600,1
User31_10600-10700,0
User31_10700-10800,1
User31_10800-10900,0
User31_10900-11000,0
User31_11000-11100,0
User31_11100-11200,0
User31_11200-11300,0
User31_11300-11400,0
User31_11400-11500,0
User31_11500-11600,0
User31_11600-11700,0
User31_11700-11800,0
User31_11800-11900,0
User31_11900-12000,0
User31_12000-12100,0
User31_12100-12200,0
User31_12200-12300,0
User31_12300-12400,0
User31_12400-12500,0
User31_12500-12600,0
User31_12600-12700,0
User31_12700-12800,0
User31_12800-12900,0
User31_12900-13000,0
User31_13000-13100,0
User31_13100-13200,0
User31_13200-13300,0
User31_13300-13400,0
User31_13400-13500,0
User31_13500-13600,0
User31_13600-13700,0
User31_13700-13800,0
User31_13800-13900,0
User31_13900-14000,0
User31_14000-14100,0
User31_14100-14200,0
User31_14200-14300,0
User31_14300-14400,0
User31_14400-14500,0
User31_14500-14600,0
User31_14600-14700,0
User31_14700-14800,0
User31_14800-14900,0
User31_14900-15000,0
User32_5000-5100,0
User32_5100-5200,0
User32_5200-5300,0
User32_5300-5400,0
User32_5400-5500,0
User32_5500-5600,0
User32_5600-5700,0
User32_5700-5800,0
User32_5800-5900,0
User32_5900-6000,0
User32_6000-6100,0
User32_6100-6200,0
User32_6200-6300,1
User32_6300-6400,0
User32_6400-6500,0
User32_6500-6600,0
User32_6600-6700,0
User32_6700-6800,0
User32_6800-6900,0
User32_6900-7000,0
User32_7000-7100,0
User32_7100-7200,1
User32_7200-7300,0
User32_7300-7400,0
User32_7400-7500,0
User32_7500-7600,1
User32_7600-7700,0
User32_7700-7800,0
User32_7800-7900,0
User32_7900-8000,0
User32_8000-8100,1
User32_8100-8200,0
User32_8200-8300,0
User32_8300-8400,0
User32_8400-8500,1
User32_8500-8600,0
User32_8600-8700,0
User32_8700-8800,0
User32_8800-8900,0
User32_8900-9000,0
User32_9000-9100,0
User32_9100-9200,1
User32_9200-9300,0
User32_9300-9400,0
User32_9400-9500,0
User32_9500-9600,0
User32_9600-9700,0
User32_9700-9800,0
User32_9800-9900,0
User32_9900-10000,0
User32_10000-10100,0
User32_10100-10200,0
User32_10200-10300,0
User32_10300-10400,0
User32_10400-10500,1
User32_10500-10600,0
User32_10600-10700,0
User32_10700-10800,0
User32_10800-10900,0
User32_10900-11000,0
User32_11000-11100,0
User32_11100-11200,0
User32_11200-11300,0
User32_11300-11400,1
User32_11400-11500,0
User32_11500-11600,0
User32_11600-11700,0
User32_11700-11800,0
User32_11800-11900,1
User32_11900-12000,0
User32_12000-12100,1
User32_12100-12200,0
User32_12200-12300,0
User32_12300-12400,0
User32_12400-12500,0
User32_12500-12600,0
User32_12600-12700,0
User32_12700-12800,0
User32_12800-12900,0
User32_12900-13000,0
User32_13000-13100,0
User32_13100-13200,0
User32_13200-13300,0
User32_13300-13400,0
User32_13400-13500,0
User32_13500-13600,0
User32_13600-13700,0
User32_13700-13800,0
User32_13800-13900,0
User32_13900-14000,0
User32_14000-14100,0
User32_14100-14200,0
User32_14200-14300,0
User32_14300-14400,0
User32_14400-14500,0
User32_14500-14600,0
User32_14600-14700,0
User32_14700-14800,0
User32_14800-14900,0
User32_14900-15000,0
User33_5000-5100,0
User33_5100-5200,0
User33_5200-5300,0
User33_5300-5400,1
User33_5400-5500,0
User33_5500-5600,0
User33_5600-5700,0
User33_5700-5800,0
User33_5800-5900,0
User33_5900-6000,0
User33_6000-6100,0
User33_6100-6200,0
User33_6200-6300,0
User33_6300-6400,0
User33_6400-6500,0
User33_6500-6600,0
User33_6600-6700,1
User33_6700-6800,0
User33_6800-6900,0
User33_6900-7000,1
User33_7000-7100,0
User33_7100-7200,0
User33_7200-7300,0
User33_7300-7400,0
User33_7400-7500,0
User33_7500-7600,0
User33_7600-7700,0
User33_7700-7800,0
User33_7800-7900,0
User33_7900-8000,0
User33_8000-8100,1
User33_8100-8200,0
User33_8200-8300,0
User33_8300-8400,0
User33_8400-8500,1
User33_8500-8600,0
User33_8600-8700,0
User33_8700-8800,0
User33_8800-8900,0
User33_8900-9000,0
User33_9000-9100,0
User33_9100-9200,0
User33_9200-9300,1
User33_9300-9400,0
User33_9400-9500,0
User33_9500-9600,0
User33_9600-9700,0
User33_9700-9800,0
User33_9800-9900,0
User33_9900-10000,0
User33_10000-10100,0
User33_10100-10200,0
User33_10200-10300,0
User33_10300-10400,0
User33_10400-10500,0
User33_10500-10600,0
User33_10600-10700,0
User33_10700-10800,0
User33_10800-10900,0
User33_10900-11000,0
User33_11000-11100,1
User33_11100-11200,0
User33_11200-11300,0
User33_11300-11400,0
User33_11400-11500,1
User33_11500-11600,0
User33_11600-11700,0
User33_11700-11800,0
User33_11800-11900,1
User33_11900-12000,0
User33_12000-12100,1
User33_12100-12200,0
User33_12200-12300,0
User33_12300-12400,0
User33_12400-12500,0
User33_12500-12600,0
User33_12600-12700,0
User33_12700-12800,0
User33_12800-12900,0
User33_12900-13000,0
User33_13000-13100,0
User33_13100-13200,0
User33_13200-13300,0
User33_13300-13400,0
User33_13400-13500,0
User33_13500-13600,0
User33_13600-13700,0
User33_13700-13800,0
User33_13800-13900,0
User33_13900-14000,0
User33_14000-14100,0
User33_14100-14200,0
User33_14200-14300,0
User33_14300-14400,0
User33_14400-14500,0
User33_14500-14600,0
User33_14600-14700,0
User33_14700-14800,0
User33_14800-14900,0
User33_14900-15000,0
User34_5000-5100,0
User34_5100-5200,0
User34_5200-5300,0
User34_5300-5400,0
User34_5400-5500,0
User34_5500-5600,0
User34_5600-5700,0
User34_5700-5800,0
User34_5800-5900,0
User34_5900-6000,0
User34_6000-6100,0
User34_6100-6200,0
User34_6200-6300,0
User34_6300-6400,0
User34_6400-6500,0
User34_6500-6600,0
User34_6600-6700,0
User34_6700-6800,0
User34_6800-6900,0
User34_6900-7000,0
User34_7000-7100,0
User34_7100-7200,0
User34_7200-7300,0
User34_7300-7400,0
User34_7400-7500,0
User34_7500-7600,0
User34_7600-7700,0
User34_7700-7800,0
User34_7800-7900,0
User34_7900-8000,0
User34_8000-8100,1
User34_8100-8200,0
User34_8200-8300,0
User34_8300-8400,0
User34_8400-8500,1
User34_8500-8600,0
User34_8600-8700,0
User34_8700-8800,0
User34_8800-8900,0
User34_8900-9000,1
User34_9000-9100,0
User34_9100-9200,0
User34_9200-9300,0
User34_9300-9400,1
User34_9400-9500,0
User34_9500-9600,0
User34_9600-9700,0
User34_9700-9800,0
User34_9800-9900,0
User34_9900-10000,0
User34_10000-10100,0
User34_10100-10200,0
User34_10200-10300,0
User34_10300-10400,0
User34_10400-10500,1
User34_10500-10600,0
User34_10600-10700,0
User34_10700-10800,0
User34_10800-10900,0
User34_10900-11000,0
User34_11000-11100,0
User34_11100-11200,1
User34_11200-11300,0
User34_11300-11400,0
User34_11400-11500,0
User34_11500-11600,0
User34_11600-11700,0
User34_11700-11800,1
User34_11800-11900,0
User34_11900-12000,0
User34_12000-12100,0
User34_12100-12200,0
User34_12200-12300,0
User34_12300-12400,0
User34_12400-12500,1
User34_12500-12600,0
User34_12600-12700,0
User34_12700-12800,0
User34_12800-12900,1
User34_12900-13000,0
User34_13000-13100,0
User34_13100-13200,0
User34_13200-13300,0
User34_13300-13400,0
User34_13400-13500,0
User34_13500-13600,0
User34_13600-13700,0
User34_13700-13800,0
User34_13800-13900,0
User34_13900-14000,0
User34_14000-14100,0
User34_14100-14200,0
User34_14200-14300,0
User34_14300-14400,0
User34_14400-14500,0
User34_14500-14600,0
User34_14600-14700,0
User34_14700-14800,1
User34_14800-14900,0
User34_14900-15000,0
User35_5000-5100,0
User35_5100-5200,0
User35_5200-5300,0
User35_5300-5400,0
User35_5400-5500,0
User35_5500-5600,0
User35_5600-5700,0
User35_5700-5800,0
User35_5800-5900,0
User35_5900-6000,0
User35_6000-6100,0
User35_6100-6200,1
User35_6200-6300,0
User35_6300-6400,0
User35_6400-6500,0
User35_6500-6600,0
User35_6600-6700,0
User35_6700-6800,0
User35_6800-6900,0
User35_6900-7000,0
User35_7000-7100,0
User35_7100-7200,0
User35_7200-7300,0
User35_7300-7400,0
User35_7400-7500,0
User35_7500-7600,0
User35_7600-7700,0
User35_7700-7800,0
User35_7800-7900,0
User35_7900-8000,0
User35_8000-8100,1
User35_8100-8200,0
User35_8200-8300,0
User35_8300-8400,0
User35_8400-8500,0
User35_8500-8600,0
User35_8600-8700,0
User35_8700-8800,0
User35_8800-8900,0
User35_8900-9000,0
User35_9000-9100,1
User35_9100-9200,0
User35_9200-9300,0
User35_9300-9400,0
User35_9400-9500,0
User35_9500-9600,1
User35_9600-9700,1
User35_9700-9800,0
User35_9800-9900,1
User35_9900-10000,1
User35_10000-10100,0
User35_10100-10200,1
User35_10200-10300,0
User35_10300-10400,0
User35_10400-10500,0
User35_10500-10600,0
User35_10600-10700,0
User35_10700-10800,0
User35_10800-10900,0
User35_10900-11000,0
User35_11000-11100,0
User35_11100-11200,0
User35_11200-11300,0
User35_11300-11400,0
User35_11400-11500,0
User35_11500-11600,0
User35_11600-11700,0
User35_11700-11800,1
User35_11800-11900,0
User35_11900-12000,0
User35_12000-12100,0
User35_12100-12200,0
User35_12200-12300,0
User35_12300-12400,0
User35_12400-12500,0
User35_12500-12600,0
User35_12600-12700,0
User35_12700-12800,1
User35_12800-12900,0
User35_12900-13000,0
User35_13000-13100,0
User35_13100-13200,0
User35_13200-13300,0
User35_13300-13400,0
User35_13400-13500,0
User35_13500-13600,0
User35_13600-13700,0
User35_13700-13800,0
User35_13800-13900,0
User35_13900-14000,0
User35_14000-14100,0
User35_14100-14200,0
User35_14200-14300,0
User35_14300-14400,0
User35_14400-14500,0
User35_14500-14600,0
User35_14600-14700,0
User35_14700-14800,0
User35_14800-14900,0
User35_14900-15000,0
User36_5000-5100,0
User36_5100-5200,0
User36_5200-5300,0
User36_5300-5400,0
User36_5400-5500,0
User36_5500-5600,0
User36_5600-5700,0
User36_5700-5800,0
User36_5800-5900,0
User36_5900-6000,0
User36_6000-6100,0
User36_6100-6200,1
User36_6200-6300,0
User36_6300-6400,0
User36_6400-6500,1
User36_6500-6600,0
User36_6600-6700,0
User36_6700-6800,0
User36_6800-6900,0
User36_6900-7000,0
User36_7000-7100,0
User36_7100-7200,1
User36_7200-7300,0
User36_7300-7400,0
User36_7400-7500,0
User36_7500-7600,0
User36_7600-7700,0
User36_7700-7800,0
User36_7800-7900,1
User36_7900-8000,0
User36_8000-8100,0
User36_8100-8200,0
User36_8200-8300,0
User36_8300-8400,0
User36_8400-8500,1
User36_8500-8600,0
User36_8600-8700,0
User36_8700-8800,0
User36_8800-8900,0
User36_8900-9000,0
User36_9000-9100,0
User36_9100-9200,0
User36_9200-9300,0
User36_9300-9400,0
User36_9400-9500,0
User36_9500-9600,0
User36_9600-9700,0
User36_9700-9800,0
User36_9800-9900,0
User36_9900-10000,0
User36_10000-10100,0
User36_10100-10200,0
User36_10200-10300,0
User36_10300-10400,0
User36_10400-10500,0
User36_10500-10600,1
User36_10600-10700,0
User36_10700-10800,0
User36_10800-10900,0
User36_10900-11000,0
User36_11000-11100,0
User36_11100-11200,0
User36_11200-11300,1
User36_11300-11400,1
User36_11400-11500,0
User36_11500-11600,0
User36_11600-11700,0
User36_11700-11800,0
User36_11800-11900,0
User36_11900-12000,0
User36_12000-12100,0
User36_12100-12200,0
User36_12200-12300,1
User36_12300-12400,0
User36_12400-12500,0
User36_12500-12600,0
User36_12600-12700,0
User36_12700-12800,0
User36_12800-12900,0
User36_12900-13000,0
User36_13000-13100,0
User36_13100-13200,0
User36_13200-13300,0
User36_13300-13400,0
User36_13400-13500,0
User36_13500-13600,0
User36_13600-13700,0
User36_13700-13800,0
User36_13800-13900,0
User36_13900-14000,0
User36_14000-14100,0
User36_14100-14200,0
User36_14200-14300,0
User36_14300-14400,0
User36_14400-14500,0
User36_14500-14600,0
User36_14600-14700,0
User36_14700-14800,0
User36_14800-14900,0
User36_14900-15000,1
User37_5000-5100,0
User37_5100-5200,1
User37_5200-5300,0
User37_5300-5400,0
User37_5400-5500,0
User37_5500-5600,0
User37_5600-5700,0
User37_5700-5800,0
User37_5800-5900,0
User37_5900-6000,0
User37_6000-6100,0
User37_6100-6200,0
User37_6200-6300,0
User37_6300-6400,0
User37_6400-6500,0
User37_6500-6600,0
User37_6600-6700,0
User37_6700-6800,0
User37_6800-6900,0
User37_6900-7000,0
User37_7000-7100,0
User37_7100-7200,0
User37_7200-7300,0
User37_7300-7400,0
User37_7400-7500,0
User37_7500-7600,0
User37_7600-7700,0
User37_7700-7800,0
User37_7800-7900,0
User37_7900-8000,0
User37_8000-8100,0
User37_8100-8200,0
User37_8200-8300,0
User37_8300-8400,0
User37_8400-8500,1
User37_8500-8600,0
User37_8600-8700,0
User37_8700-8800,0
User37_8800-8900,0
User37_8900-9000,0
User37_9000-9100,0
User37_9100-9200,0
User37_9200-9300,0
User37_9300-9400,0
User37_9400-9500,0
User37_9500-9600,0
User37_9600-9700,0
User37_9700-9800,0
User37_9800-9900,0
User37_9900-10000,0
User37_10000-10100,0
User37_10100-10200,0
User37_10200-10300,0
User37_10300-10400,1
User37_10400-10500,0
User37_10500-10600,0
User37_10600-10700,0
User37_10700-10800,0
User37_10800-10900,0
User37_10900-11000,1
User37_11000-11100,0
User37_11100-11200,0
User37_11200-11300,0
User37_11300-11400,0
User37_11400-11500,0
User37_11500-11600,0
User37_11600-11700,0
User37_11700-11800,0
User37_11800-11900,0
User37_11900-12000,1
User37_12000-12100,0
User37_12100-12200,0
User37_12200-12300,1
User37_12300-12400,0
User37_12400-12500,0
User37_12500-12600,0
User37_12600-12700,0
User37_12700-12800,0
User37_12800-12900,0
User37_12900-13000,0
User37_13000-13100,0
User37_13100-13200,0
User37_13200-13300,0
User37_13300-13400,0
User37_13400-13500,1
User37_13500-13600,0
User37_13600-13700,0
User37_13700-13800,0
User37_13800-13900,0
User37_13900-14000,0
User37_14000-14100,0
User37_14100-14200,0
User37_14200-14300,0
User37_14300-14400,0
User37_14400-14500,0
User37_14500-14600,0
User37_14600-14700,1
User37_14700-14800,0
User37_14800-14900,1
User37_14900-15000,1
User38_5000-5100,1
User38_5100-5200,0
User38_5200-5300,0
User38_5300-5400,0
User38_5400-5500,0
User38_5500-5600,0
User38_5600-5700,0
User38_5700-5800,0
User38_5800-5900,0
User38_5900-6000,0
User38_6000-6100,0
User38_6100-6200,0
User38_6200-6300,0
User38_6300-6400,0
User38_6400-6500,0
User38_6500-6600,0
User38_6600-6700,0
User38_6700-6800,0
User38_6800-6900,0
User38_6900-7000,0
User38_7000-7100,0
User38_7100-7200,0
User38_7200-7300,0
User38_7300-7400,0
User38_7400-7500,0
User38_7500-7600,0
User38_7600-7700,0
User38_7700-7800,0
User38_7800-7900,1
User38_7900-8000,0
User38_8000-8100,1
User38_8100-8200,1
User38_8200-8300,0
User38_8300-8400,0
User38_8400-8500,0
User38_8500-8600,0
User38_8600-8700,0
User38_8700-8800,0
User38_8800-8900,0
User38_8900-9000,0
User38_9000-9100,1
User38_9100-9200,0
User38_9200-9300,0
User38_9300-9400,0
User38_9400-9500,0
User38_9500-9600,0
User38_9600-9700,0
User38_9700-9800,0
User38_9800-9900,0
User38_9900-10000,0
User38_10000-10100,0
User38_10100-10200,0
User38_10200-10300,0
User38_10300-10400,0
User38_10400-10500,1
User38_10500-10600,0
User38_10600-10700,0
User38_10700-10800,0
User38_10800-10900,0
User38_10900-11000,0
User38_11000-11100,0
User38_11100-11200,0
User38_11200-11300,0
User38_11300-11400,0
User38_11400-11500,0
User38_11500-11600,0
User38_11600-11700,0
User38_11700-11800,0
User38_11800-11900,0
User38_11900-12000,0
User38_12000-12100,0
User38_12100-12200,0
User38_12200-12300,0
User38_12300-12400,0
User38_12400-12500,0
User38_12500-12600,0
User38_12600-12700,0
User38_12700-12800,0
User38_12800-12900,1
User38_12900-13000,0
User38_13000-13100,0
User38_13100-13200,0
User38_13200-13300,0
User38_13300-13400,0
User38_13400-13500,0
User38_13500-13600,0
User38_13600-13700,0
User38_13700-13800,0
User38_13800-13900,0
User38_13900-14000,0
User38_14000-14100,0
User38_14100-14200,0
User38_14200-14300,0
User38_14300-14400,0
User38_14400-14500,0
User38_14500-14600,0
User38_14600-14700,1
User38_14700-14800,1
User38_14800-14900,0
User38_14900-15000,1
User39_5000-5100,0
User39_5100-5200,0
User39_5200-5300,0
User39_5300-5400,0
User39_5400-5500,0
User39_5500-5600,1
User39_5600-5700,0
User39_5700-5800,0
User39_5800-5900,0
User39_5900-6000,0
User39_6000-6100,0
User39_6100-6200,0
User39_6200-6300,0
User39_6300-6400,0
User39_6400-6500,0
User39_6500-6600,0
User39_6600-6700,0
User39_6700-6800,0
User39_6800-6900,0
User39_6900-7000,0
User39_7000-7100,0
User39_7100-7200,0
User39_7200-7300,0
User39_7300-7400,0
User39_7400-7500,0
User39_7500-7600,0
User39_7600-7700,0
User39_7700-7800,0
User39_7800-7900,0
User39_7900-8000,0
User39_8000-8100,0
User39_8100-8200,0
User39_8200-8300,0
User39_8300-8400,0
User39_8400-8500,0
User39_8500-8600,0
User39_8600-8700,0
User39_8700-8800,0
User39_8800-8900,0
User39_8900-9000,0
User39_9000-9100,0
User39_9100-9200,0
User39_9200-9300,0
User39_9300-9400,0
User39_9400-9500,0
User39_9500-9600,0
User39_9600-9700,1
User39_9700-9800,1
User39_9800-9900,1
User39_9900-10000,1
User39_10000-10100,0
User39_10100-10200,0
User39_10200-10300,0
User39_10300-10400,0
User39_10400-10500,0
User39_10500-10600,0
User39_10600-10700,0
User39_10700-10800,0
User39_10800-10900,0
User39_10900-11000,0
User39_11000-11100,1
User39_11100-11200,0
User39_11200-11300,0
User39_11300-11400,0
User39_11400-11500,0
User39_11500-11600,0
User39_11600-11700,0
User39_11700-11800,0
User39_11800-11900,0
User39_11900-12000,0
User39_12000-12100,0
User39_12100-12200,0
User39_12200-12300,0
User39_12300-12400,0
User39_12400-12500,0
User39_12500-12600,0
User39_12600-12700,0
User39_12700-12800,0
User39_12800-12900,0
User39_12900-13000,0
User39_13000-13100,0
User39_13100-13200,0
User39_13200-13300,0
User39_13300-13400,0
User39_13400-13500,0
User39_13500-13600,0
User39_13600-13700,0
User39_13700-13800,0
User39_13800-13900,0
User39_13900-14000,0
User39_14000-14100,0
User39_14100-14200,0
User39_14200-14300,0
User39_14300-14400,1
User39_14400-14500,1
User39_14500-14600,1
User39_14600-14700,0
User39_14700-14800,0
User39_14800-14900,1
User39_14900-15000,0
