,sh grep,sh ksh,stty tset,true grep,cat platform,ls generic,fifo cat,ksh ln,ls sed,ksh ls,ln virtex,cat generic,Unnamed: 0,date lp,sh rm,nawk nawk,rm sh,uname mywsh,ghostvie sh,ksh xgvis,echo ksh,make ksh,mediamai sendmail,egrep sed,ksh gs,uname stty,generic cat,sendmail sh,gs gs,ksh uname,expr generic,sh make,generic ls,generic lp,uname pwd,ln ln,sed fifo,movemail movemail,slmhelpe sh,sh ld_,ghostvie ksh,ls ksh,sh ln,date generic,sh cfe,sendmail movemail,netscape netscape,tcpostio tcpostio,sendmail uname,hostname id,ghostvie rm,getopt true,rm ls,gs ghostvie,sendmail sendmail,whoami ksh,ksh sendmail,ksh sh,cat nawk,sh egrep,driver sh,ksh movemail,grep wc,dvips ksh,sed touch,ls uname,platform slmhelpe,sh gs,ld_ driver,getpgrp lock,sed sh,sqpe slmclien,ugen as1,uname cat,sh sh,id nawk,cfe ugen,lp find,ksh ksh,sh mediamai,pwd echo,nawk uname,uname uname,sendmail ls,touch chmod,ls ls,generic date,chmod sh,echo echo,wc sed,ls sendmail,true true,as1 driver,grep date,virtex dvips,nawk getopt,sh xgvis,sh sed,movemail whoami,generic generic,Label
0,0,0,2,0,0,0,0,1,0,1,0,0,0,0,0,2,0,0,0,1,7,0,0,0,0,2,0,0,0,3,0,0,0,0,7,0,0,1,0,0,0,1,2,0,0,0,0,0,0,0,0,0,0,0,0,0,0,0,2,0,0,1,0,0,0,1,0,0,0,0,0,0,0,0,7,0,0,0,0,0,7,2,5,0,0,7,0,0,7,0,1,0,0,0,0,0,4,0,0,0,0
1,0,0,0,0,0,0,0,2,0,1,2,0,1,0,0,0,0,0,0,0,8,0,0,0,0,0,0,0,0,5,0,0,0,0,8,0,0,3,0,0,0,1,0,0,0,1,0,0,1,0,0,0,0,1,4,3,3,0,0,0,0,1,0,2,0,2,0,0,0,0,0,0,0,0,2,0,0,0,0,0,8,0,8,2,0,2,0,0,8,0,0,0,0,0,2,0,2,0,3,0,0
2,0,0,2,0,0,0,0,4,0,1,5,0,2,0,0,2,0,0,0,1,2,0,0,0,0,2,0,0,0,1,0,0,0,0,3,0,0,4,0,0,0,0,0,0,0,3,0,0,0,0,0,0,0,0,4,3,3,0,1,0,0,1,0,5,0,0,0,0,0,0,0,0,0,0,0,0,0,0,1,0,3,2,1,0,0,0,0,0,3,0,1,0,0,0,5,0,0,0,3,0,0
3,0,5,2,0,1,0,0,0,0,0,0,0,3,0,0,2,0,0,0,0,3,0,0,0,0,2,0,0,0,2,0,0,0,0,3,0,0,1,1,0,0,0,0,0,0,0,2,0,0,0,0,0,0,0,1,0,0,5,2,0,0,0,0,0,0,0,1,0,0,0,0,1,0,1,4,0,0,0,5,0,3,2,1,0,0,5,0,0,3,0,0,0,0,0,0,0,0,0,0,0,0
4,0,0,1,0,0,0,0,1,0,3,0,0,4,0,0,1,0,1,0,1,2,0,0,0,0,1,0,0,0,1,0,0,0,0,2,0,0,0,0,0,0,2,0,0,0,0,0,0,0,0,0,0,0,0,0,0,0,0,1,0,0,0,0,0,0,0,0,0,0,0,0,0,0,0,0,0,0,0,0,0,2,1,1,0,0,2,0,0,2,0,0,0,0,0,0,0,0,0,0,0,0
5,0,0,1,0,0,0,0,1,0,1,0,0,5,0,0,1,0,0,0,2,5,0,0,0,0,1,0,0,0,2,0,0,0,0,5,0,0,3,0,0,0,1,0,0,0,1,0,0,0,0,0,0,0,0,1,2,2,0,1,0,0,2,0,0,0,1,0,0,0,0,0,0,0,0,1,0,0,0,0,0,5,1,4,0,0,8,0,0,5,0,1,0,0,0,0,0,1,0,2,0,0
6,0,0,0,0,1,0,0,4,0,1,5,0,6,0,0,0,1,0,0,0,3,0,0,0,0,0,0,0,0,1,0,0,0,0,3,1,0,3,1,0,0,0,0,0,0,1,0,0,0,0,0,0,0,0,3,3,2,0,0,0,0,0,0,5,0,0,1,0,0,0,0,0,0,1,11,0,0,0,1,0,3,0,3,0,0,1,0,0,3,0,0,0,0,0,5,0,3,0,3,0,0
7,0,1,0,0,2,0,0,1,0,0,0,0,7,0,0,0,1,0,0,0,2,0,0,3,0,0,0,0,0,0,0,0,0,0,2,0,0,2,2,0,0,0,0,0,0,0,0,0,0,0,0,0,0,0,0,2,0,2,0,3,0,1,0,0,0,0,2,0,0,0,12,1,0,2,17,0,0,0,0,0,2,0,2,0,0,0,0,0,2,0,0,0,0,0,0,0,0,9,2,0,0
8,0,0,0,0,2,0,0,0,0,0,0,0,8,0,0,0,5,0,0,0,0,0,0,2,0,0,0,0,0,0,0,0,0,0,0,0,0,0,2,0,0,0,0,0,0,0,0,0,0,0,0,0,0,0,0,0,0,0,0,2,0,0,0,0,0,0,2,0,0,0,8,1,0,2,17,0,0,0,0,0,0,0,0,0,0,0,0,0,0,0,0,0,0,0,0,0,0,6,0,0,0
9,0,1,0,0,0,0,0,0,0,0,0,0,9,0,0,0,3,0,1,0,0,0,0,3,0,0,0,0,0,0,0,0,0,0,0,0,0,0,0,0,0,0,0,0,0,0,0,0,0,0,0,0,0,1,0,0,0,1,0,3,0,0,0,0,0,0,0,1,0,0,14,0,0,0,37,0,0,0,1,0,0,0,0,0,0,0,0,0,0,0,0,0,0,0,0,0,0,12,0,0,0
10,0,1,0,0,0,0,0,0,0,0,0,0,10,0,0,0,1,0,1,0,0,0,0,4,0,0,0,0,0,0,0,0,0,0,0,0,0,0,0,0,0,0,0,0,0,0,0,0,0,0,0,0,0,1,0,0,0,1,0,4,0,0,0,0,0,0,0,1,0,0,22,1,0,0,28,0,0,0,1,0,0,0,0,0,0,0,0,0,0,0,0,0,0,0,0,0,0,16,0,0,0
11,0,4,0,1,1,0,0,0,1,0,0,0,11,1,0,0,2,0,1,0,0,0,0,1,0,0,0,0,0,0,1,0,0,1,0,0,1,3,1,0,0,0,0,0,0,1,0,0,0,1,0,1,0,2,0,3,0,5,0,1,0,0,0,0,0,0,1,1,0,1,4,0,0,1,10,1,0,1,4,0,0,0,0,0,0,0,0,0,0,0,0,1,0,1,0,1,0,3,3,1,0
12,0,1,0,3,0,0,1,0,2,0,0,0,12,3,0,0,0,0,1,0,0,0,0,0,0,0,2,0,0,0,3,0,0,2,0,1,2,0,0,0,0,0,0,2,0,0,0,0,0,3,0,3,0,4,0,0,0,2,0,0,0,0,0,0,0,0,0,0,0,2,0,0,0,0,2,3,0,3,2,0,0,0,0,0,0,0,1,0,0,0,0,3,0,3,0,3,0,0,0,2,0
13,0,0,0,3,0,0,0,0,0,0,0,0,13,3,0,0,0,0,0,0,0,0,0,0,0,0,2,0,0,0,2,0,0,3,0,3,0,0,0,0,0,0,0,0,0,0,0,0,0,3,0,3,0,0,0,0,0,3,0,0,0,0,0,0,0,0,0,0,0,3,0,0,0,0,3,3,0,3,3,0,0,0,0,0,0,0,0,0,0,0,0,4,0,3,0,3,0,0,0,0,0
14,0,0,0,0,0,8,4,0,3,0,0,8,14,0,0,0,0,0,0,0,0,0,0,0,0,0,3,0,0,0,0,0,8,0,0,0,4,0,0,0,0,1,0,9,0,0,0,12,0,0,0,0,3,0,0,0,0,2,0,0,0,0,0,0,0,0,0,0,0,0,0,0,0,0,0,0,0,0,1,0,0,0,0,0,0,0,6,0,0,0,0,0,0,0,0,0,0,0,0,4,0
15,0,0,0,2,0,2,2,0,4,0,0,2,15,2,0,0,0,0,0,0,0,0,0,0,0,0,1,0,0,0,1,0,2,1,0,1,4,0,0,0,0,0,0,4,0,0,0,3,0,2,0,2,2,0,0,0,0,2,0,0,0,0,0,0,0,0,0,0,0,1,0,0,0,0,0,2,0,2,2,0,0,0,0,0,0,0,2,0,0,0,0,3,0,2,0,2,0,0,0,2,0
16,0,0,1,1,1,0,1,0,1,0,0,0,16,1,0,1,1,0,0,0,1,0,0,1,0,1,1,1,0,1,1,0,0,1,1,1,1,2,1,0,0,0,0,0,0,0,0,0,0,1,0,1,0,0,2,2,1,2,1,1,0,0,0,0,0,0,1,0,0,1,4,1,0,1,8,1,0,1,1,0,1,1,0,0,0,0,0,0,1,0,0,1,0,1,0,1,0,3,2,0,0
17,0,0,1,0,1,1,0,0,1,1,0,1,17,0,0,1,0,0,0,0,2,0,0,3,0,1,0,0,0,1,0,0,1,0,2,0,1,0,1,0,0,0,0,2,0,0,0,3,0,0,0,0,1,0,0,0,0,0,1,3,0,0,0,0,0,1,1,0,0,0,12,0,0,1,16,0,0,0,0,0,2,1,1,0,0,0,2,0,2,0,0,0,0,0,0,0,0,9,0,1,0
18,0,1,0,0,2,0,0,0,0,2,0,0,18,0,0,1,1,0,0,0,1,0,0,2,1,0,0,0,0,1,0,0,0,0,2,0,0,5,2,0,0,0,0,0,0,1,0,0,0,0,0,0,0,1,0,3,0,1,0,2,0,0,0,0,0,1,2,0,0,0,8,2,0,2,14,0,0,0,0,0,2,1,1,0,0,1,0,0,2,0,0,0,0,0,0,0,0,6,3,0,0
19,0,0,3,0,2,0,0,0,0,0,0,0,19,0,0,2,0,1,0,0,3,0,0,2,0,3,0,0,0,3,0,0,0,0,3,0,0,1,2,0,0,0,0,0,0,0,0,0,0,0,0,0,0,0,0,0,0,0,2,2,0,0,0,0,0,1,2,0,0,0,8,1,0,2,13,0,0,0,0,0,3,2,2,0,0,0,0,0,3,0,0,0,0,0,0,0,0,6,0,0,0
20,0,2,0,0,0,0,0,0,0,0,0,0,20,0,0,0,1,0,0,0,1,0,0,0,1,0,0,0,1,0,0,0,0,0,1,0,0,3,0,0,0,1,0,0,0,2,0,0,0,0,3,0,0,3,1,3,2,6,0,0,0,0,0,0,0,1,0,2,0,0,0,1,0,0,11,0,0,0,3,0,1,0,1,0,0,0,0,0,1,0,0,0,0,0,0,0,7,0,3,0,0
21,0,0,0,0,1,0,0,2,0,1,5,0,21,0,0,0,0,0,0,0,4,0,0,1,4,0,0,0,0,2,0,0,0,0,4,0,0,2,1,0,1,0,0,0,0,0,1,0,1,0,0,0,0,3,0,1,1,1,0,1,0,0,0,3,0,0,1,0,0,0,4,0,0,1,7,0,0,0,4,0,4,0,4,0,0,1,0,0,4,0,0,0,0,0,3,0,3,3,2,0,0
22,0,0,1,0,0,0,0,0,0,3,0,0,22,0,0,1,0,0,0,0,3,0,0,0,0,1,0,0,0,1,0,0,0,0,3,1,0,8,0,0,0,0,0,0,0,1,0,0,0,0,0,0,0,2,5,7,1,0,1,0,0,4,0,0,0,1,0,0,0,0,0,1,0,0,0,0,0,0,0,0,3,1,2,0,0,6,0,0,3,0,0,0,0,0,0,0,0,0,7,0,0
23,0,0,0,0,0,0,0,15,0,1,21,0,23,0,0,0,0,0,0,0,0,0,0,0,5,0,0,0,0,0,0,0,0,0,0,0,0,2,0,0,0,0,0,0,0,0,0,0,0,0,0,0,0,0,1,2,0,0,0,0,0,1,0,20,0,0,0,0,0,0,0,0,0,0,0,0,0,0,1,0,0,0,0,0,0,0,0,0,0,0,1,0,0,0,20,0,0,0,2,0,0
24,0,0,0,0,0,0,0,10,0,0,14,0,24,0,0,0,0,0,0,0,2,0,0,0,3,0,0,0,0,1,0,0,0,0,2,0,0,4,0,0,0,0,0,0,0,0,0,0,0,0,0,0,0,0,4,4,1,0,0,0,0,4,0,14,0,1,0,0,0,0,0,0,0,0,0,0,0,0,0,0,2,0,2,2,0,0,0,0,2,0,1,0,0,0,14,0,0,0,4,0,0
25,0,0,0,0,0,0,0,2,0,3,2,0,25,0,0,0,0,0,0,0,4,0,0,0,2,0,0,0,0,2,0,0,0,0,4,0,0,9,0,0,0,0,0,0,0,6,0,0,1,0,0,0,0,1,1,9,4,0,0,0,0,2,0,2,0,1,0,0,0,0,0,0,0,0,0,0,0,0,0,0,4,0,4,3,0,6,0,0,4,0,5,0,0,0,2,0,0,0,9,0,0
26,0,0,0,0,0,0,0,1,0,1,2,0,26,0,0,0,0,0,0,0,3,0,0,0,1,0,0,0,7,0,0,0,0,0,3,2,0,9,0,0,0,1,0,0,0,3,0,0,2,0,0,0,0,0,0,9,4,0,0,0,0,6,0,2,0,1,0,0,0,0,0,0,0,0,0,0,0,0,0,0,3,0,3,0,0,2,0,0,3,0,1,0,0,0,2,0,0,0,9,0,0
27,0,0,3,0,0,0,0,0,0,0,0,0,27,0,0,3,0,1,0,0,5,0,0,0,1,3,0,0,1,4,0,0,0,0,6,0,0,6,0,0,0,0,0,0,0,1,0,0,0,0,0,0,0,1,0,6,1,0,2,0,0,5,0,0,0,0,0,0,0,0,0,0,0,0,0,0,0,0,0,0,6,3,3,0,0,0,0,0,6,0,0,0,0,0,0,0,0,0,6,0,0
28,0,0,0,0,4,0,0,0,0,0,0,0,28,0,0,0,2,0,0,1,1,0,0,2,0,0,0,0,0,0,0,0,0,0,1,0,0,1,4,0,0,0,0,0,0,0,0,0,0,0,0,0,0,0,0,0,0,0,0,3,0,0,0,0,0,1,4,0,0,0,8,3,0,4,17,0,0,0,0,0,1,0,1,1,0,1,0,0,1,0,1,0,0,0,0,0,1,6,0,0,0
29,0,0,0,0,4,0,0,0,0,0,0,0,29,0,0,0,1,0,0,0,0,0,0,3,0,0,0,0,0,0,0,0,0,0,0,0,0,0,4,0,0,0,0,0,0,0,0,0,0,0,0,0,0,0,0,0,0,0,0,3,0,0,0,0,0,0,4,0,0,0,15,4,0,4,23,0,0,0,0,0,0,0,0,0,0,0,0,0,0,0,0,0,0,0,0,0,1,12,0,0,0
30,0,0,0,0,1,0,0,0,0,2,0,0,30,0,0,0,1,1,0,0,3,0,0,2,0,0,0,0,0,1,0,0,0,0,3,0,0,2,1,0,0,0,0,0,0,1,0,0,0,0,0,0,0,0,3,2,0,0,0,2,0,0,0,0,0,0,1,0,0,0,8,2,0,1,14,0,0,0,0,0,3,0,3,1,0,0,0,0,3,0,0,0,0,0,0,0,0,6,2,0,0
31,0,0,0,0,0,0,0,13,0,3,14,0,31,0,0,0,0,0,0,0,4,0,0,0,2,0,0,0,1,2,0,0,0,0,4,0,0,0,0,0,1,1,0,0,0,0,0,0,1,0,0,0,0,3,0,0,0,0,0,0,0,0,0,13,0,1,0,0,0,0,0,0,0,0,0,0,0,0,2,0,4,0,5,0,0,1,0,0,4,0,1,0,0,0,13,0,0,0,0,0,0
32,0,0,0,0,0,0,0,0,0,5,0,0,32,0,0,0,0,0,0,0,9,0,0,0,11,0,0,0,2,3,0,0,0,0,8,0,0,0,0,0,10,2,0,0,0,0,0,0,0,0,0,0,0,11,0,0,0,0,0,0,0,0,0,0,0,2,0,0,0,0,0,0,0,0,0,0,0,0,0,0,9,0,8,0,0,2,0,0,9,0,0,0,0,0,0,0,0,0,0,0,0
33,0,0,0,0,0,0,0,0,0,1,0,0,33,0,0,0,0,0,0,0,3,0,0,0,4,0,0,0,5,0,0,0,0,0,3,0,0,0,0,0,3,1,0,0,0,0,0,0,0,0,8,0,0,12,0,0,0,0,0,0,0,0,0,0,0,1,0,8,0,0,0,0,0,0,8,0,0,0,2,0,3,0,3,0,0,0,0,0,3,0,0,0,0,0,0,0,0,0,0,0,0
34,0,0,0,0,0,0,0,0,0,0,0,0,34,0,0,0,3,0,0,0,1,0,0,0,5,0,0,0,0,0,0,0,0,0,1,0,0,0,0,0,1,0,0,0,0,0,0,0,0,0,4,0,0,8,0,0,0,0,0,0,0,0,0,0,0,0,0,2,0,0,0,0,0,0,0,0,0,0,2,0,1,0,1,0,0,0,0,0,1,0,0,0,0,0,0,0,0,0,0,0,0
35,0,0,1,0,1,0,0,0,0,1,0,0,35,0,0,1,1,0,0,0,2,0,0,1,0,1,0,0,0,1,0,0,0,0,2,0,0,5,1,0,0,0,0,0,0,3,1,0,1,0,1,0,0,1,2,4,3,0,1,1,0,1,0,0,0,1,1,1,0,0,3,0,0,1,5,0,0,0,0,0,2,1,2,0,0,1,0,0,2,0,0,0,0,0,0,0,0,3,4,0,0
36,0,10,0,0,0,0,0,0,0,0,0,0,36,0,4,0,0,0,0,0,0,0,0,0,0,0,0,0,0,0,0,0,0,0,0,0,0,0,0,0,0,1,4,0,0,0,0,0,0,0,0,0,0,0,0,0,0,22,0,0,0,0,0,0,0,0,0,0,0,0,0,0,0,0,13,0,0,0,10,0,0,0,0,0,0,0,0,0,0,0,0,0,0,0,0,0,8,0,0,0,0
37,0,11,0,0,0,0,0,0,0,0,0,0,37,0,1,0,0,0,0,0,0,0,0,0,0,0,0,0,0,0,0,0,0,0,0,0,0,1,0,0,0,1,8,0,0,0,0,0,0,0,0,0,0,0,0,1,0,21,0,0,0,1,0,0,0,0,0,0,0,0,0,0,0,0,10,0,0,0,11,0,0,0,0,0,0,0,0,0,0,0,0,0,0,0,0,0,2,0,1,0,0
38,0,1,1,0,2,0,0,0,0,1,0,0,38,0,0,1,1,0,0,0,3,0,0,1,0,1,0,0,0,1,0,0,0,0,3,0,0,5,1,0,0,0,0,0,0,1,0,0,0,0,0,0,0,0,0,4,1,3,1,1,0,1,0,0,0,1,2,0,0,0,4,2,0,2,6,0,0,0,0,0,3,1,2,0,0,1,0,0,3,0,0,0,0,0,0,0,0,3,4,0,0
39,0,0,0,0,0,0,0,1,0,0,1,0,39,0,0,0,0,0,0,0,3,0,0,1,1,0,0,0,0,1,0,0,0,0,3,0,0,11,0,0,0,1,0,0,0,4,0,0,0,0,0,0,0,1,1,11,6,0,0,1,0,5,0,1,0,0,0,0,0,0,4,1,0,0,6,0,0,0,0,0,3,0,3,1,0,1,0,0,3,0,0,0,0,0,1,0,0,3,11,0,0
40,0,0,0,1,0,0,0,0,1,4,0,0,40,1,0,0,0,0,0,0,7,0,0,0,0,0,0,0,0,3,1,0,0,1,7,0,1,1,0,0,0,2,0,0,0,0,0,0,1,1,0,1,0,1,1,1,1,0,0,0,0,0,0,0,0,1,0,0,0,1,0,0,0,0,1,1,0,1,0,0,7,0,7,1,0,3,0,0,7,0,1,1,0,1,0,1,0,0,1,1,0
41,0,0,0,0,0,0,0,1,0,2,1,0,41,0,0,0,0,0,0,0,2,0,0,0,0,0,0,0,0,1,0,0,0,0,2,2,0,6,0,0,0,2,0,0,0,3,0,0,1,0,0,0,0,0,1,6,3,0,0,0,0,1,0,1,0,0,0,0,0,0,0,0,0,0,5,0,0,0,0,0,2,0,2,0,0,1,0,0,2,0,0,0,0,0,1,0,0,0,6,0,0
42,0,0,0,0,0,0,0,3,0,1,5,0,42,0,0,0,0,0,0,0,5,0,0,0,0,0,0,0,0,1,0,0,0,0,5,1,0,1,0,0,0,2,0,0,0,0,0,0,0,0,0,0,0,0,2,1,1,0,0,0,0,1,0,5,0,0,0,0,0,0,0,0,0,0,0,0,0,0,0,0,5,0,5,1,0,2,0,0,5,0,0,0,0,0,5,0,0,0,1,0,0
43,0,0,2,0,0,0,0,2,0,0,5,0,43,0,0,3,0,1,0,0,1,0,0,0,3,2,0,0,0,1,0,0,0,0,3,0,0,3,0,0,0,0,0,0,0,1,0,0,0,0,0,0,0,2,1,3,2,0,2,0,0,1,0,5,0,0,0,0,0,0,0,0,0,0,0,0,0,0,2,0,3,3,1,4,0,1,0,0,3,0,4,0,0,0,5,0,0,0,3,0,0
44,0,2,1,0,2,0,0,0,0,1,0,0,44,0,0,0,0,1,0,0,2,0,0,1,0,1,0,0,0,1,0,0,0,0,2,0,0,2,2,0,0,0,2,0,0,0,0,0,0,0,1,0,0,1,0,0,0,4,0,1,0,0,0,0,0,1,2,2,0,0,4,2,0,2,12,0,0,0,3,0,2,0,2,0,0,0,0,0,2,0,0,0,0,0,0,0,1,3,0,0,0
45,0,0,0,0,0,0,0,4,0,0,3,0,45,0,0,0,0,0,0,0,3,0,0,0,0,0,0,0,0,0,0,0,0,0,3,0,0,1,0,0,0,0,0,0,0,0,11,0,1,0,2,0,0,2,1,2,1,0,0,0,0,0,0,3,0,1,0,0,0,0,0,0,0,0,0,0,0,0,2,0,3,0,3,2,0,19,0,0,3,0,0,0,0,0,3,0,0,0,1,0,0
46,0,0,0,0,0,0,0,19,0,0,23,0,46,0,0,0,0,0,0,0,0,0,0,0,5,0,0,0,0,0,0,0,0,0,0,0,0,0,0,0,0,0,0,0,0,0,0,0,0,0,0,0,0,0,0,0,0,0,0,0,0,0,0,24,0,0,0,0,0,0,0,0,0,0,0,0,0,0,0,0,0,0,0,0,0,0,0,0,0,0,0,0,0,0,24,0,0,0,0,0,0
47,0,0,1,0,0,0,0,0,0,1,0,0,47,0,0,1,0,0,0,0,3,0,0,0,1,1,0,0,0,1,0,0,0,0,4,0,0,6,0,0,0,0,0,0,0,2,1,0,1,0,0,0,0,1,8,5,3,0,1,0,0,1,0,0,0,1,0,0,0,0,0,0,0,0,0,0,0,0,1,0,4,1,3,1,0,0,0,0,4,0,1,0,0,0,0,0,0,0,5,0,0
48,15,0,0,0,0,0,0,0,0,1,0,0,48,0,0,0,0,0,0,0,0,0,0,0,0,0,0,0,0,0,0,0,0,0,0,0,0,0,0,0,0,0,0,0,0,0,0,0,0,0,0,0,0,0,0,0,0,0,0,0,0,0,15,0,16,0,0,0,0,0,0,0,0,0,0,0,0,0,0,0,0,0,0,0,15,0,0,15,0,15,0,0,0,0,0,0,0,0,0,0,0
49,14,0,0,0,0,0,0,0,0,0,0,0,49,0,0,0,1,0,0,0,1,0,0,0,0,0,0,0,0,0,0,0,0,0,1,0,0,0,0,0,0,0,0,0,0,0,0,0,0,0,0,0,0,0,0,0,0,0,0,0,0,0,14,0,13,0,0,0,0,0,0,0,0,0,0,0,0,0,0,0,1,0,1,0,13,1,0,14,1,13,0,0,0,0,0,0,0,0,0,0,0
50,12,0,0,0,0,0,0,1,0,2,3,0,50,0,0,0,1,0,0,0,0,0,0,0,1,0,0,0,3,0,0,0,0,0,0,0,0,0,0,0,0,1,0,0,0,0,0,0,0,0,0,0,0,2,0,0,0,0,0,0,0,0,12,2,11,0,0,0,0,0,0,0,0,0,0,0,0,0,2,0,0,0,0,0,12,0,0,12,0,11,0,0,0,0,2,0,0,0,0,0,0
51,0,0,0,1,0,0,0,0,0,0,0,0,51,1,0,0,0,0,0,0,5,0,0,0,3,0,1,0,0,1,1,0,0,1,5,1,0,1,0,0,1,1,0,0,0,1,0,0,1,1,0,1,2,3,0,1,1,0,0,0,0,0,0,0,0,2,0,0,0,1,0,0,0,0,0,1,0,1,0,0,5,0,5,0,0,6,0,0,5,0,1,1,0,1,0,1,0,0,1,0,0
52,0,0,2,0,0,1,1,0,2,0,0,1,52,0,0,3,0,2,0,0,2,0,0,0,0,2,0,0,0,2,0,0,1,0,4,0,2,4,0,0,0,0,0,3,0,0,0,3,0,0,0,0,1,0,0,4,0,0,2,0,0,2,0,0,0,0,0,0,0,0,0,0,0,0,0,0,0,0,0,0,3,3,1,0,0,0,2,0,3,0,0,0,0,0,0,0,0,0,4,1,0
53,0,0,1,0,0,0,0,0,0,3,0,0,53,0,0,0,0,1,0,0,5,0,0,0,0,1,0,1,0,3,0,0,0,0,4,0,0,8,0,0,0,0,0,0,0,4,3,0,0,1,0,0,0,0,7,7,2,0,0,0,0,1,0,0,0,0,0,0,0,0,0,0,0,0,0,0,0,0,2,0,4,0,4,0,0,1,0,0,5,0,1,0,0,0,0,0,0,0,7,0,0
54,0,0,1,1,0,1,1,0,2,2,0,1,54,1,0,1,0,0,0,0,1,0,0,0,0,1,1,0,0,1,1,0,1,1,1,1,2,2,0,0,0,0,0,3,0,1,0,3,0,0,0,1,1,1,1,2,1,0,1,0,0,0,0,0,0,0,0,0,0,1,0,0,0,0,0,0,0,1,0,0,1,1,0,0,0,1,2,0,1,0,0,0,0,1,0,1,0,0,2,1,0
55,0,0,1,0,0,0,0,0,0,1,0,0,55,0,0,1,0,0,0,0,3,0,0,0,0,1,0,0,0,3,0,0,0,0,3,0,0,11,0,0,0,0,0,0,0,4,0,0,0,0,0,0,0,0,11,9,4,0,1,0,0,3,0,0,0,0,0,0,0,0,0,0,0,0,0,0,0,0,0,0,3,1,2,0,0,0,0,0,3,0,1,0,0,0,0,0,0,0,9,0,0
56,0,0,1,0,0,0,0,1,0,0,1,0,56,0,0,1,0,0,0,0,2,0,0,0,0,1,0,0,0,2,0,0,0,0,2,0,0,13,0,0,0,0,0,0,0,7,0,0,0,0,0,0,0,0,9,12,6,0,1,0,0,5,0,1,0,0,0,0,0,0,0,0,0,0,0,0,0,0,0,0,2,1,1,1,0,3,0,0,2,0,1,0,0,0,1,0,0,0,12,0,0
57,0,0,0,1,0,1,1,2,2,0,2,1,57,1,0,1,0,0,0,0,0,0,0,0,0,0,1,0,0,0,1,0,1,1,1,1,2,4,0,0,0,0,0,3,0,2,0,3,0,1,0,1,1,1,2,4,2,0,0,0,0,1,0,2,0,0,0,0,0,1,0,0,0,0,0,1,0,1,0,0,1,1,0,0,0,0,2,0,0,0,0,1,0,1,2,1,0,0,4,1,0
58,0,0,3,1,0,0,0,0,0,0,0,0,58,1,0,2,0,1,0,0,2,0,0,0,0,3,1,0,0,2,1,0,0,0,2,0,0,4,0,0,0,0,0,0,0,1,3,0,0,1,1,1,0,1,3,2,3,0,2,0,0,0,0,0,0,0,0,1,0,0,0,0,0,0,2,1,0,1,0,0,2,2,1,0,0,0,0,0,2,0,0,0,0,1,0,1,0,0,2,0,0
59,0,0,0,1,0,1,1,2,2,0,2,1,59,1,0,0,0,0,0,0,1,0,0,0,1,0,1,0,0,0,1,0,1,2,1,2,2,1,0,0,0,0,0,3,0,0,0,3,0,1,2,1,2,2,0,1,1,0,0,0,0,0,0,2,0,0,0,1,0,1,0,0,0,0,1,1,0,1,1,0,1,0,1,0,0,0,2,0,1,0,0,0,0,1,2,1,0,0,1,1,0
60,0,0,1,0,0,1,1,1,2,0,0,1,60,0,0,1,0,0,0,0,2,0,0,0,0,1,0,0,0,2,0,0,1,0,2,0,2,6,0,0,0,0,0,3,0,2,1,3,1,0,0,0,1,1,1,5,1,0,1,0,0,3,0,0,0,0,0,0,0,0,0,0,0,0,0,0,0,0,0,0,2,1,1,1,0,0,2,0,2,0,1,0,0,0,0,0,0,0,5,1,0
61,0,0,0,0,0,0,0,1,0,3,0,0,61,0,0,0,0,0,0,0,7,0,0,0,0,0,0,0,0,3,0,0,0,0,7,2,0,0,0,0,0,0,0,0,8,0,0,0,0,0,0,0,0,0,0,0,0,0,0,0,8,0,0,0,0,2,0,0,0,0,0,0,8,0,0,0,8,0,1,0,7,0,6,0,0,5,0,0,7,0,0,0,8,0,0,0,0,0,0,0,0
62,0,0,2,0,0,0,0,0,0,0,0,0,62,0,2,2,2,2,0,3,2,1,0,0,1,2,0,0,0,2,0,4,0,0,2,0,0,4,0,2,0,1,0,0,0,0,0,0,0,0,0,0,0,1,1,3,0,0,2,0,6,1,0,0,0,0,0,0,2,0,0,0,2,0,0,0,2,0,0,0,2,2,0,0,0,0,0,0,2,0,0,0,2,0,0,0,0,0,3,0,0
63,0,0,1,0,0,0,0,0,0,1,0,0,63,0,0,1,0,2,0,1,5,0,0,0,0,1,0,1,0,2,0,0,0,0,5,0,0,5,0,0,0,0,0,0,0,2,3,0,0,0,0,0,0,0,3,4,1,0,1,0,0,2,0,0,0,0,0,0,0,0,0,0,0,0,0,0,0,0,4,0,5,1,4,0,0,0,0,0,5,0,0,0,0,0,0,0,0,0,4,0,0
64,0,0,0,0,0,0,0,0,0,0,0,0,64,0,0,0,0,0,0,0,0,0,20,0,0,0,0,20,0,0,0,0,0,0,0,0,0,0,0,0,0,0,0,0,0,0,0,0,0,0,0,0,0,0,38,0,0,0,0,0,0,0,0,0,0,0,0,0,0,0,0,0,0,0,0,0,0,0,0,20,0,0,0,0,0,0,0,0,0,0,0,0,0,0,0,0,0,0,0,0,1
65,0,0,3,0,0,0,0,0,0,1,0,0,65,0,0,3,0,0,0,1,5,0,0,0,0,3,0,0,0,2,0,0,0,0,6,0,0,3,0,0,0,0,0,0,0,2,0,0,1,0,0,0,0,0,18,1,2,0,2,0,0,1,0,0,0,1,0,0,0,0,0,0,0,0,0,0,0,0,1,0,6,3,3,2,0,1,0,0,6,0,2,0,0,0,0,0,0,0,1,0,0
66,0,0,3,0,0,0,0,0,0,0,0,0,66,0,0,3,0,1,0,0,3,0,0,0,0,3,0,0,0,3,0,0,0,0,3,0,0,3,0,0,0,0,0,0,0,0,10,0,0,0,0,0,0,0,7,1,0,0,3,0,0,1,0,0,0,0,0,0,0,0,0,0,0,0,0,0,0,0,0,0,3,3,1,0,0,0,0,0,3,0,0,0,0,0,0,0,0,0,1,0,0
67,0,0,3,0,0,0,0,0,0,0,0,0,67,0,0,2,0,2,0,0,2,0,0,0,0,2,0,0,0,1,0,0,0,0,2,0,0,4,0,0,0,0,0,0,0,3,0,0,0,0,0,0,0,0,9,3,2,0,4,0,0,0,0,0,0,1,0,0,0,0,0,0,0,0,0,0,0,0,0,0,3,2,1,0,0,0,0,0,1,0,0,0,0,0,0,0,0,0,3,0,0
68,0,0,0,0,1,0,0,0,0,0,0,0,68,0,0,0,0,0,0,0,4,0,0,1,0,0,0,0,0,2,0,0,0,0,3,0,0,4,1,0,0,0,0,0,0,2,0,0,0,0,0,0,0,0,7,2,2,0,0,1,0,1,0,0,0,0,1,0,0,0,4,1,0,1,7,0,0,0,2,0,3,0,4,0,0,1,0,0,3,0,0,0,0,0,0,0,1,3,3,0,0
69,0,0,2,0,0,0,0,1,0,0,1,0,69,0,0,2,0,0,0,0,5,0,0,0,1,2,0,0,0,3,0,0,0,0,6,0,0,2,0,0,0,1,0,0,0,0,1,0,2,0,0,0,0,1,9,0,2,0,2,0,0,2,0,1,0,0,0,0,0,0,0,0,0,0,0,0,0,0,2,0,6,2,4,1,0,0,0,0,6,0,0,0,0,0,1,0,0,0,0,0,0
70,0,0,0,1,0,0,1,0,1,3,0,0,70,1,0,0,0,0,0,0,4,0,0,0,0,0,1,0,0,3,1,0,0,1,4,1,1,2,0,0,0,1,0,1,0,2,0,0,0,1,0,1,0,0,4,2,1,0,0,0,0,0,0,0,0,0,0,0,0,1,0,0,0,0,0,1,0,1,0,0,4,0,4,0,0,1,0,0,4,0,1,1,0,1,0,1,0,0,2,1,0
71,0,0,0,0,0,0,0,0,0,0,0,0,71,0,0,0,0,0,0,0,0,0,20,0,0,0,0,20,0,0,0,0,0,0,0,0,0,0,0,0,0,0,0,0,0,0,0,0,0,0,0,0,0,0,38,0,0,0,0,0,0,0,0,0,0,0,0,0,0,0,0,0,0,0,0,0,0,0,0,20,0,0,0,0,0,0,0,0,0,0,0,0,0,0,0,0,0,0,0,0,1
72,0,0,0,1,0,2,2,0,2,1,0,3,72,1,0,0,0,0,0,0,2,0,0,0,0,0,1,0,0,1,1,0,3,1,2,1,2,0,0,0,0,0,0,6,0,0,0,9,0,1,0,1,2,0,0,0,0,0,0,0,0,0,0,0,0,0,0,0,0,1,0,0,0,0,0,1,0,1,0,0,2,0,2,0,0,0,4,0,2,0,0,1,0,1,0,1,0,0,0,2,0
73,0,0,3,0,0,0,0,0,1,1,0,0,73,0,0,2,0,2,0,0,3,0,0,0,1,2,0,0,0,2,0,0,0,0,4,0,1,2,0,0,0,1,0,1,0,1,0,0,0,0,0,0,1,1,0,0,0,0,1,0,0,0,0,0,0,0,0,0,0,0,0,0,0,0,0,0,0,0,0,0,2,3,2,0,0,0,1,0,3,0,0,0,0,0,0,0,0,0,0,0,0
74,0,0,2,0,0,0,0,0,0,1,0,0,74,0,0,2,0,1,0,0,3,0,0,0,0,2,0,0,0,2,0,0,0,0,3,0,0,4,0,0,0,0,0,0,0,1,0,0,1,0,0,0,0,0,10,2,0,0,2,0,0,3,0,0,0,0,0,0,0,0,0,0,0,0,0,0,0,0,0,0,3,2,1,3,0,5,0,0,3,0,2,0,0,0,0,0,0,0,2,0,0
75,0,0,0,1,0,0,0,1,1,1,2,0,75,1,0,0,0,0,0,0,4,0,0,0,1,0,0,0,3,1,1,0,0,1,4,0,1,1,0,0,0,1,0,0,0,0,0,0,1,1,0,1,1,0,0,1,1,0,0,0,0,1,0,2,0,1,0,0,0,1,0,0,0,0,1,1,0,1,1,0,4,0,4,0,0,7,0,0,4,0,0,1,0,1,2,1,0,0,1,1,0
76,0,0,0,0,0,0,0,4,0,1,5,0,76,0,0,0,0,0,0,0,4,0,0,0,1,0,0,0,1,2,0,0,0,0,4,0,0,3,0,0,0,0,0,0,0,1,0,0,0,0,0,0,1,2,6,3,3,0,0,0,0,0,0,5,0,2,0,0,0,0,0,0,0,0,0,0,0,0,2,0,4,0,4,2,0,5,0,0,4,0,0,0,0,0,5,0,0,0,3,0,0
77,0,0,0,0,0,0,0,0,0,7,0,0,77,0,0,0,0,0,0,0,6,0,0,0,0,0,0,0,0,1,0,0,0,0,6,2,0,2,0,0,0,0,0,0,0,0,0,0,1,0,0,0,3,2,4,2,1,0,0,0,0,0,0,0,0,3,0,0,0,0,0,0,0,0,0,0,0,0,0,0,6,0,6,6,0,4,0,0,6,0,5,0,0,0,0,0,0,0,2,0,0
78,0,0,0,0,0,0,0,0,0,0,0,0,78,0,0,0,0,0,0,0,0,0,20,0,0,0,0,20,0,0,0,0,0,0,0,0,0,0,0,0,0,0,0,0,0,0,0,0,1,0,0,0,0,0,38,0,0,0,0,0,0,0,0,0,0,0,0,0,0,0,0,0,0,0,0,0,0,0,0,20,0,0,0,0,0,0,0,0,0,0,0,0,0,0,0,0,0,0,0,0,1
79,0,0,0,0,0,0,0,0,0,4,1,0,79,0,0,0,0,0,0,0,6,0,0,0,3,0,0,0,1,2,0,0,0,0,5,0,0,2,0,0,1,2,0,0,0,1,0,0,1,0,0,0,2,3,5,2,1,0,0,0,0,0,0,1,0,0,0,0,0,0,0,0,0,0,0,0,0,0,0,0,6,0,5,5,0,6,0,0,6,0,7,0,0,0,1,0,0,0,2,0,0
80,0,0,1,0,0,0,0,0,0,1,0,0,80,0,0,1,0,0,0,0,2,0,0,0,0,1,0,0,1,1,0,0,0,0,2,0,0,5,0,0,0,1,0,0,0,1,0,0,0,0,0,0,1,2,4,2,0,0,1,0,0,3,0,0,0,0,0,0,0,0,0,0,0,0,0,0,0,0,1,0,2,1,1,1,0,21,0,0,2,0,3,0,0,0,0,0,0,0,3,0,0
81,0,0,0,0,0,0,0,1,0,2,0,0,81,0,3,0,3,0,0,3,3,3,0,0,0,0,0,0,0,0,0,3,0,0,3,2,0,6,0,3,0,0,0,0,0,3,0,0,1,0,0,0,0,0,0,6,3,0,0,0,6,0,0,0,0,1,0,0,3,0,0,0,3,0,0,0,3,0,1,0,3,0,3,1,0,3,0,0,3,0,1,0,3,0,0,0,0,0,6,0,0
82,0,0,2,1,0,0,0,2,0,0,3,0,82,1,0,3,0,1,0,0,3,0,0,0,0,3,0,0,0,2,0,0,0,0,4,0,0,3,0,0,0,0,0,0,0,2,0,0,0,1,0,1,0,0,2,1,1,0,1,0,0,1,0,3,0,0,0,0,0,0,0,0,0,0,0,1,0,1,1,0,4,3,2,0,0,0,0,0,4,0,1,0,0,1,3,1,0,0,1,0,0
83,0,0,0,1,0,1,1,2,2,0,4,1,83,1,0,0,0,0,0,0,0,0,0,0,1,0,2,0,0,0,1,0,1,2,0,2,2,0,0,0,0,0,0,3,0,0,0,3,0,1,0,1,1,2,0,0,0,0,0,0,0,0,0,4,0,0,0,0,0,2,0,0,0,0,0,1,0,1,2,0,0,0,0,0,0,0,2,0,0,0,0,0,0,1,4,1,0,0,0,1,0
84,0,0,1,0,1,1,1,1,1,0,2,1,84,0,0,1,1,1,0,0,3,0,0,0,2,1,0,0,1,1,0,0,1,0,3,0,2,0,1,0,0,0,0,3,0,0,3,3,0,0,0,0,1,1,0,0,0,1,1,0,0,0,0,3,0,1,1,0,0,0,0,1,0,1,1,0,0,0,1,0,3,1,2,0,0,1,2,0,3,0,0,0,0,0,3,0,0,0,0,1,0
85,0,0,0,1,1,1,2,0,2,0,0,1,85,1,0,0,2,0,0,0,0,0,0,1,0,0,1,0,0,0,1,0,1,1,0,1,2,0,1,0,0,0,0,3,0,0,0,3,0,1,0,1,1,0,0,0,0,0,0,1,0,0,0,0,0,0,1,0,0,1,4,1,0,1,8,1,0,1,1,0,0,0,0,0,0,0,2,0,0,0,0,0,0,1,0,1,0,3,0,1,0
86,0,0,0,0,0,1,0,0,1,2,0,1,86,0,0,0,0,2,2,0,2,0,0,0,7,0,0,0,0,2,0,0,1,0,2,0,1,2,0,0,3,4,0,2,0,1,0,3,0,0,0,0,1,8,3,2,0,0,0,0,0,0,0,0,0,0,0,0,0,0,0,0,0,0,0,0,0,0,0,0,2,0,2,2,0,0,2,0,2,0,1,0,0,0,0,0,0,0,2,1,0
87,0,0,3,0,0,0,0,0,0,0,0,0,87,0,0,3,0,2,0,0,2,0,0,0,0,3,0,1,0,2,0,0,0,0,3,0,0,1,0,0,0,0,0,0,0,1,4,0,0,0,0,0,0,0,1,0,0,0,2,0,0,0,0,0,0,0,0,0,0,0,0,0,0,0,0,0,0,0,0,0,3,3,1,0,0,0,0,0,3,0,0,0,0,0,0,0,0,0,0,0,0
88,0,0,0,0,0,0,0,1,0,2,3,0,88,0,0,1,0,1,0,0,3,0,0,0,2,0,0,0,0,0,0,0,0,0,3,0,0,0,0,0,0,0,0,0,0,0,20,0,0,0,1,0,0,2,4,0,0,0,1,0,0,0,0,3,0,2,0,0,0,0,0,0,0,0,1,0,0,0,2,0,3,1,3,2,0,4,0,0,3,0,0,0,0,0,3,0,0,0,0,0,0
89,0,0,2,0,2,0,0,0,0,2,0,0,89,0,0,1,0,1,0,0,5,0,0,2,0,2,0,0,0,2,0,0,0,0,5,0,0,0,2,0,0,0,0,0,0,0,1,0,0,0,0,0,0,0,0,0,0,1,1,2,0,0,0,0,0,3,2,0,0,0,8,2,0,2,14,0,0,0,0,0,6,1,4,0,0,2,0,0,5,0,0,0,0,0,0,0,1,6,0,0,0
90,0,0,3,0,0,0,0,0,0,1,0,0,90,0,0,3,0,1,0,0,4,0,0,0,0,3,0,2,0,3,0,0,0,0,4,0,0,4,0,0,0,0,0,0,0,0,0,0,0,0,0,0,0,0,3,3,1,0,2,0,0,1,0,0,0,0,0,0,0,0,0,0,0,0,0,0,0,0,0,0,4,3,2,0,0,0,0,0,4,0,0,0,0,0,0,0,0,0,3,0,0
91,0,0,1,2,0,2,3,0,3,0,0,2,91,2,0,1,0,1,0,0,2,0,0,0,1,1,1,0,0,1,1,0,2,1,2,1,3,0,0,0,0,0,0,4,0,0,0,3,0,2,0,2,1,1,0,0,0,0,1,0,0,0,0,0,0,0,0,0,0,1,0,0,0,0,0,2,0,2,1,0,2,1,1,0,0,0,2,0,2,0,0,3,0,2,0,2,0,0,0,3,0
92,0,0,1,0,0,1,0,0,1,1,0,1,92,0,0,1,0,2,0,0,3,0,0,0,0,1,0,0,0,2,0,0,1,0,3,0,1,2,0,0,0,0,0,2,0,0,1,3,0,0,0,0,1,0,8,2,1,0,1,0,0,0,0,0,0,1,0,0,0,0,0,0,0,0,0,0,0,0,1,0,3,1,2,1,0,1,1,0,3,0,0,0,0,0,0,0,0,0,2,0,0
93,0,0,1,0,0,0,0,0,0,3,0,0,93,0,0,1,0,3,0,0,8,0,0,0,0,1,0,0,0,2,0,0,0,0,8,0,0,0,0,0,0,0,0,0,0,0,0,0,0,0,0,0,0,0,0,0,0,1,1,0,0,0,0,0,0,1,0,0,0,0,0,0,0,0,1,0,0,0,0,0,8,1,6,0,0,15,0,0,8,0,0,0,0,0,0,0,0,0,0,0,0
94,0,0,0,0,0,0,0,0,0,0,0,0,94,0,0,0,0,1,0,0,0,0,0,0,0,0,0,1,0,0,0,0,0,0,0,0,0,3,0,0,0,0,0,0,0,2,18,0,0,0,1,0,0,1,10,2,1,0,0,0,0,0,0,0,0,0,0,1,0,0,0,0,0,0,0,0,0,0,0,0,0,0,0,0,0,0,0,0,0,0,0,0,0,0,0,0,0,0,2,0,0
95,0,0,3,0,0,0,0,0,0,2,0,0,95,0,0,3,0,2,0,0,3,0,0,0,0,3,0,1,0,2,0,0,0,0,4,0,0,2,0,0,0,0,0,0,0,1,1,0,1,0,0,0,0,0,5,2,0,0,2,0,0,0,0,0,0,0,0,0,0,0,0,0,0,0,0,0,0,0,0,0,4,3,2,0,0,0,0,0,4,0,1,0,0,0,0,0,0,0,1,0,0
96,0,0,0,0,0,0,0,0,0,1,0,0,96,0,0,0,0,0,0,0,3,0,0,0,0,0,0,0,0,2,0,0,0,0,3,0,0,5,0,0,0,0,0,0,0,0,39,0,1,0,0,0,0,0,2,5,2,0,0,0,0,0,0,0,0,0,0,0,0,0,0,0,0,0,0,0,0,0,0,0,3,0,3,0,0,0,0,0,3,0,0,0,0,0,0,0,0,0,5,0,0
97,0,0,0,0,0,0,0,0,0,1,0,0,97,0,0,1,0,0,1,0,1,0,0,0,4,0,0,0,1,0,0,0,0,0,2,0,0,1,0,0,0,1,0,0,0,1,23,0,0,0,0,0,0,5,0,1,1,0,1,0,0,0,0,0,0,0,0,0,0,0,0,0,0,0,0,0,0,0,1,0,2,1,2,0,0,0,0,0,2,0,0,0,0,0,0,0,0,0,1,0,0
98,0,0,1,0,0,0,0,0,0,1,0,0,98,0,4,0,4,0,0,4,3,3,0,0,0,1,0,0,0,2,0,4,0,0,3,0,0,1,0,4,0,0,0,0,0,0,0,0,0,0,0,0,0,0,0,0,0,0,0,0,8,1,0,0,0,1,0,0,4,0,0,0,4,0,0,0,4,0,0,0,3,0,3,2,0,5,0,0,3,0,1,0,4,0,0,0,0,0,0,0,0
99,0,0,0,0,0,0,0,0,0,2,0,0,99,0,5,0,5,0,0,5,5,4,0,0,0,0,0,0,0,2,0,5,0,0,6,0,0,0,0,5,0,1,0,0,0,0,0,0,0,0,0,0,0,0,0,0,0,0,0,0,10,0,0,0,0,1,0,0,5,0,0,0,5,0,0,0,4,0,0,0,5,0,6,0,0,0,0,0,5,0,0,0,5,0,0,0,0,0,0,0,0
100,0,0,2,0,1,0,0,0,0,2,0,0,100,0,0,2,0,0,0,3,9,0,0,0,0,2,0,0,0,7,0,0,0,0,8,0,0,3,1,0,0,2,0,0,0,0,0,0,0,0,0,0,0,0,1,1,0,0,2,0,0,2,0,0,0,1,1,0,0,0,0,0,0,1,0,0,0,0,0,0,8,2,6,1,0,5,0,0,9,0,0,0,0,0,0,0,0,0,1,0,0
101,0,0,0,0,3,0,0,0,0,0,0,0,101,0,0,0,1,0,0,0,0,0,0,4,0,0,0,0,0,0,0,0,0,0,0,0,0,0,3,0,0,0,0,0,0,0,0,0,0,0,0,0,0,0,0,0,0,0,0,4,0,0,0,0,0,0,3,0,0,0,16,2,0,3,25,0,0,0,0,0,0,0,0,0,0,0,0,0,0,0,0,0,0,0,0,0,2,12,0,0,0
102,0,0,0,0,0,0,0,0,0,0,0,0,102,0,0,0,0,0,0,0,0,0,20,0,0,0,0,21,0,0,0,0,0,0,0,0,0,0,0,0,0,0,0,0,0,0,0,0,0,0,0,0,0,0,38,0,0,0,0,0,0,0,0,0,0,0,0,0,0,0,0,0,0,0,0,0,0,0,0,20,0,0,0,0,0,0,0,0,0,0,0,0,0,0,0,0,0,0,0,0,1
103,0,1,0,0,1,0,0,2,0,0,3,0,103,0,0,0,3,0,1,0,0,0,0,2,3,0,0,0,1,0,0,0,0,0,0,0,0,0,1,0,0,2,0,0,0,0,0,0,0,0,0,0,0,5,0,0,0,3,0,2,0,0,0,3,0,0,1,1,0,0,5,1,0,1,12,0,0,0,4,0,0,0,0,0,0,0,0,0,0,0,0,0,0,0,3,0,1,3,0,0,0
104,0,2,0,0,1,0,0,3,0,0,8,0,104,0,0,0,0,0,0,0,0,0,0,1,1,0,0,0,0,0,0,0,0,0,0,0,0,0,1,0,0,1,5,0,0,0,0,0,0,0,0,0,0,1,0,0,0,8,0,1,0,0,0,8,0,0,1,1,0,0,7,1,0,1,16,0,0,0,6,0,0,0,0,0,0,0,0,0,0,0,0,0,0,0,8,0,1,5,0,0,0
105,0,1,0,0,1,0,0,0,0,1,8,0,105,0,0,0,0,0,1,0,0,0,0,1,0,0,0,0,0,0,0,0,0,0,0,0,0,0,1,0,0,0,7,0,0,0,0,0,0,0,0,0,0,3,0,0,1,8,0,1,0,0,0,8,0,0,1,1,0,0,4,0,0,1,11,0,0,0,11,0,0,0,0,0,0,1,0,0,0,0,0,0,0,0,8,0,0,3,0,0,0
106,0,0,0,1,0,1,1,0,1,0,0,1,106,1,0,0,0,0,0,0,0,0,14,0,0,0,0,15,0,0,0,0,1,0,0,0,1,0,0,0,0,0,0,0,0,0,0,0,0,1,0,1,1,0,23,0,0,0,0,0,0,0,0,0,0,0,0,0,0,0,0,0,0,0,0,1,0,1,0,14,0,0,0,1,0,1,0,0,0,0,0,1,0,1,0,1,0,0,0,1,1
107,0,2,0,0,0,0,0,0,0,0,6,0,107,0,0,0,0,0,7,0,0,0,0,0,0,0,0,0,1,0,0,0,0,0,0,0,0,0,0,0,0,1,4,0,0,0,0,0,0,0,0,0,0,10,0,0,0,5,0,0,0,0,0,2,0,0,0,10,0,0,0,1,0,0,22,0,0,0,4,0,0,0,0,0,0,0,0,0,0,0,0,0,0,0,6,0,0,0,0,0,0
108,0,0,0,0,0,0,0,0,0,0,4,0,108,0,0,0,0,0,19,0,0,0,0,0,0,0,0,0,0,0,0,0,0,0,0,0,0,0,0,0,0,0,4,0,0,0,0,0,0,0,0,0,0,21,0,0,0,0,0,0,0,0,0,0,0,0,0,18,0,0,0,0,0,0,10,0,0,0,0,0,0,0,0,0,0,0,0,0,0,0,0,0,0,0,4,0,0,1,0,0,0
109,0,0,1,0,0,0,0,0,0,0,11,0,109,0,0,1,0,0,2,0,1,0,0,0,0,1,0,0,2,1,0,0,0,0,1,0,0,1,0,0,0,0,9,0,0,1,0,0,0,0,0,0,0,4,0,1,0,0,1,0,0,0,0,0,0,0,0,3,0,0,0,0,0,0,11,0,0,0,0,0,1,1,0,0,0,2,0,0,1,0,0,0,0,0,11,0,0,0,1,0,0
110,0,0,1,0,0,0,0,3,0,3,4,0,110,0,0,1,0,0,0,0,3,0,0,0,0,1,0,0,0,1,0,5,0,0,3,0,0,5,0,0,0,0,0,0,0,2,0,0,0,0,0,0,0,0,4,4,1,0,1,0,6,1,0,4,0,0,0,0,0,0,0,0,0,0,0,0,0,0,0,0,3,1,2,0,0,0,0,0,3,0,0,0,0,0,4,0,0,0,4,0,0
111,0,0,0,0,0,0,0,0,0,0,0,0,111,0,3,0,3,0,0,0,0,0,0,0,0,0,0,0,0,0,0,3,0,0,0,0,0,0,0,3,0,0,0,0,12,0,0,0,0,0,0,0,0,0,0,0,0,0,0,0,18,0,0,0,0,0,0,0,3,0,0,0,15,0,0,0,15,0,0,0,0,0,0,0,0,0,0,0,0,0,0,0,15,0,0,0,0,0,0,0,0
112,0,0,0,0,0,0,0,1,0,2,1,0,112,0,2,0,2,0,0,3,2,3,0,0,0,0,0,0,0,1,0,3,0,0,2,0,0,0,0,3,0,0,0,0,6,0,0,0,0,0,0,0,0,0,0,0,0,0,0,0,12,0,0,1,0,0,0,0,3,0,0,0,9,0,0,0,9,0,1,0,2,0,2,0,0,8,0,0,2,0,0,0,9,0,1,0,0,0,0,0,0
113,0,0,0,0,0,0,0,0,0,2,0,0,113,0,1,0,2,0,0,2,7,1,0,0,0,0,0,0,0,3,0,3,0,0,7,0,0,1,0,2,0,0,0,0,1,0,0,0,1,0,0,0,0,0,1,1,0,0,0,0,5,0,0,0,0,1,0,0,3,0,0,0,3,0,0,0,3,0,0,0,7,0,7,0,0,1,0,0,7,0,0,0,2,0,0,0,0,0,1,0,0
114,0,0,0,0,0,0,0,2,0,2,3,0,114,0,0,0,0,0,0,1,4,0,0,0,2,0,0,0,0,0,0,0,0,0,4,1,0,0,0,0,0,0,0,0,7,0,0,0,0,0,0,0,0,4,0,0,0,0,0,0,7,0,0,3,0,0,0,0,0,0,0,0,8,0,0,0,8,0,4,0,4,0,4,0,0,0,0,0,4,0,0,0,7,0,3,0,0,0,0,0,0
115,0,0,0,4,0,0,0,0,4,0,0,0,115,4,0,0,0,0,0,0,0,0,4,0,0,0,0,5,0,0,0,0,0,0,0,0,4,0,0,0,0,0,0,0,0,0,0,0,0,4,0,4,0,0,9,0,0,0,0,0,0,0,0,0,0,0,0,0,0,0,0,0,0,0,2,4,0,4,0,4,0,0,0,0,0,0,0,0,0,0,0,4,0,4,0,4,0,0,0,0,1
116,0,0,0,1,0,0,0,0,1,0,0,0,116,1,0,0,0,0,0,0,0,0,14,0,0,0,0,13,0,0,0,0,0,0,0,0,1,0,0,0,0,0,0,0,0,0,0,0,0,1,0,1,0,0,23,0,0,0,0,0,0,0,0,0,0,0,0,0,0,0,0,0,0,0,0,1,0,1,0,14,0,0,0,0,0,0,0,0,0,0,1,1,0,1,0,1,0,0,0,0,1
117,0,0,0,0,0,0,0,1,0,0,2,0,117,0,3,0,3,0,0,3,5,3,0,0,1,0,0,0,0,1,0,3,0,0,5,0,0,2,0,3,0,0,0,0,1,0,0,0,1,0,0,0,0,0,3,2,2,0,0,0,6,2,0,2,0,0,0,0,3,0,0,0,3,0,0,0,3,0,1,0,5,0,5,0,0,0,0,0,5,0,0,0,3,0,2,0,0,0,2,0,0
118,0,0,0,0,0,0,0,0,0,2,0,0,118,0,1,0,1,0,0,1,5,1,0,0,3,0,0,0,2,1,0,1,0,0,5,0,0,2,0,1,0,1,0,0,6,1,0,0,0,0,0,0,0,2,0,2,1,0,0,0,8,0,0,0,0,2,0,0,1,0,0,0,7,0,0,0,8,0,1,0,5,0,4,1,0,1,0,0,5,0,1,0,7,0,0,0,0,0,2,0,0
119,0,0,0,0,0,0,0,0,0,0,0,0,119,0,4,0,4,0,0,1,0,4,0,0,0,0,0,0,0,0,0,8,0,0,0,0,0,0,0,4,0,0,0,0,7,0,0,0,0,0,0,0,0,0,0,0,0,0,0,0,19,0,0,0,0,0,0,0,4,0,0,0,10,0,0,0,10,0,0,0,0,0,0,0,0,0,0,0,0,0,0,0,11,0,0,0,0,0,0,0,0
120,0,0,0,0,0,0,0,0,0,0,0,0,120,0,6,0,5,0,0,2,0,2,0,0,0,0,0,0,0,0,0,10,0,0,0,0,0,0,0,5,0,0,0,0,1,0,0,0,0,0,0,0,0,0,0,0,0,0,0,0,17,0,0,0,0,0,0,0,5,0,0,0,7,0,0,0,7,0,0,0,0,0,0,0,0,0,0,0,0,0,0,0,7,0,0,0,0,0,0,0,0
121,0,0,0,0,0,0,0,1,0,0,2,0,121,0,3,0,3,0,0,4,3,4,0,0,2,0,0,0,0,0,0,4,0,0,3,0,0,0,0,4,0,0,0,0,2,0,0,0,0,0,0,0,0,0,0,0,0,1,0,0,9,0,0,2,0,1,0,0,4,0,0,0,5,0,1,0,5,0,1,0,3,0,3,0,0,2,0,0,3,0,0,0,5,0,2,0,0,0,0,0,0
122,0,0,0,0,0,0,0,1,0,1,3,0,122,0,1,0,1,0,0,0,2,1,0,0,2,0,0,0,1,1,0,1,0,0,2,0,0,4,0,0,0,0,0,0,0,2,2,0,0,0,1,0,0,3,12,4,1,0,0,0,2,1,0,3,0,0,0,1,1,0,0,0,2,0,0,0,2,0,2,0,2,0,2,1,0,0,0,0,2,0,2,0,1,0,3,0,0,0,4,0,0
123,0,0,0,0,0,0,0,1,0,1,0,0,123,0,4,0,4,0,0,5,2,3,0,0,0,0,0,0,0,1,0,5,0,0,2,0,0,2,0,4,0,1,0,0,0,1,0,0,0,0,0,0,0,0,0,2,0,0,0,0,9,1,0,0,0,0,0,0,4,0,0,0,3,0,3,0,4,0,0,0,2,0,2,0,0,0,0,0,2,0,0,0,3,0,0,0,0,0,2,0,0
124,0,0,1,0,0,0,0,0,0,0,0,0,124,0,3,2,3,1,0,6,0,2,0,0,0,1,0,0,0,0,0,3,0,0,2,0,0,1,0,3,1,0,0,0,0,0,0,0,0,0,0,0,0,0,0,1,0,0,1,0,6,0,0,0,0,0,0,0,3,0,0,0,2,0,0,0,2,0,1,0,2,2,1,0,0,2,0,0,1,0,0,0,3,0,0,0,0,0,1,0,0
125,0,0,2,0,0,0,0,0,0,0,1,0,125,0,0,1,0,0,0,1,7,0,0,0,1,2,0,0,0,3,0,0,0,0,6,0,0,3,0,0,0,0,0,0,0,1,1,0,2,0,0,0,0,0,4,2,0,0,1,0,0,1,0,1,0,0,0,0,0,0,0,0,0,0,0,0,0,0,4,0,6,1,5,0,0,1,0,0,6,0,0,0,0,0,1,0,0,0,2,0,0
126,0,0,0,3,0,2,3,0,3,0,0,2,126,3,0,0,0,0,0,0,0,0,2,0,0,0,1,1,0,0,1,0,2,1,0,1,3,0,0,0,0,0,0,2,0,0,0,0,0,4,0,4,0,0,2,0,0,0,0,0,0,0,0,0,0,0,0,0,0,1,0,0,0,0,0,4,0,2,0,1,0,0,0,1,0,0,1,0,0,0,0,3,0,3,0,4,0,0,0,3,1
127,0,0,1,0,0,0,0,6,0,2,11,0,127,0,0,1,0,1,0,0,4,0,0,0,4,1,0,0,0,2,0,0,0,0,4,0,0,1,0,0,0,0,0,0,0,0,0,0,0,0,0,0,0,0,0,1,1,0,1,0,0,1,0,11,0,1,0,0,0,0,0,0,0,0,0,0,0,0,1,0,4,1,3,0,0,1,0,0,4,0,0,0,0,0,11,0,0,0,1,0,0
128,0,0,1,0,0,0,0,0,0,0,0,0,128,0,0,1,0,0,0,0,3,0,0,0,0,1,0,0,1,1,0,0,0,0,3,4,0,2,0,0,0,0,0,0,0,0,3,0,1,0,1,0,1,3,1,1,0,0,1,0,0,1,0,0,0,0,0,2,0,0,0,0,0,0,1,0,0,0,1,0,3,1,2,0,0,1,0,0,3,0,0,0,0,0,0,0,0,0,1,0,0
129,0,0,0,0,0,0,0,5,1,0,7,0,129,0,0,0,0,0,0,0,2,0,0,0,1,0,0,0,1,0,0,0,0,0,2,0,0,0,0,0,0,0,0,0,0,0,2,0,0,0,0,0,1,5,1,0,0,0,0,0,0,0,0,7,0,0,0,0,0,0,0,0,0,0,0,0,0,0,2,0,2,0,2,0,0,8,0,0,2,0,1,0,0,0,7,0,0,0,0,0,0
130,0,0,1,1,0,0,0,3,1,0,5,0,130,1,0,2,0,1,0,0,0,0,0,0,1,1,0,0,0,0,1,0,0,1,2,0,1,0,0,0,0,0,0,0,0,0,0,0,0,1,0,1,0,1,0,0,0,0,1,0,0,0,0,5,0,0,0,0,0,1,0,0,0,0,3,1,0,0,0,0,2,2,1,0,0,0,0,0,2,0,0,1,0,1,5,1,0,0,0,1,0
131,0,0,3,1,0,1,1,0,2,0,0,1,131,1,0,2,0,0,0,0,3,0,0,0,1,3,1,0,0,3,1,0,1,1,3,1,2,1,0,0,0,0,0,3,0,0,0,3,1,1,0,1,1,1,0,0,0,0,2,0,0,0,0,0,0,0,0,0,0,1,0,0,0,0,0,1,0,1,1,0,3,2,1,0,0,0,2,0,3,0,0,1,0,1,0,1,0,0,0,1,0
132,0,0,0,0,0,0,0,2,0,4,3,0,132,0,0,0,0,1,0,0,3,0,0,0,2,0,0,0,0,0,0,0,0,0,3,0,0,4,0,0,0,2,0,0,0,1,0,0,1,0,0,0,0,3,2,4,3,0,0,0,0,2,0,2,0,1,0,0,0,0,0,0,0,0,0,0,0,0,2,0,3,0,3,3,0,6,0,0,3,0,2,0,0,0,2,0,0,0,4,0,0
133,0,0,0,1,0,1,1,2,2,0,3,1,133,1,0,0,0,0,0,0,2,0,0,0,0,0,1,0,0,1,1,0,1,1,2,3,2,0,0,0,0,0,0,3,0,0,1,3,0,1,0,1,1,0,0,0,0,0,0,0,0,0,0,2,0,0,0,0,0,1,0,0,0,0,0,1,0,1,0,0,2,0,2,0,0,1,2,0,2,0,1,1,0,1,2,1,0,0,0,1,0
134,0,0,0,1,0,1,1,0,2,3,0,1,134,1,0,0,0,0,0,0,3,0,0,0,1,0,1,0,0,0,1,0,1,1,3,1,2,1,0,0,0,1,0,3,0,1,0,3,0,1,0,1,1,1,1,1,1,0,0,0,0,0,0,0,0,3,0,0,0,1,0,0,0,0,0,1,0,1,1,0,3,0,3,0,0,4,2,0,3,0,0,1,0,1,0,1,0,0,1,1,0
135,0,0,0,0,0,2,1,0,2,0,0,2,135,1,0,0,0,0,0,0,0,0,12,0,0,0,0,13,0,0,0,0,2,0,0,0,2,0,0,0,0,0,0,1,0,0,0,3,0,0,0,0,1,0,24,0,0,0,0,0,0,0,0,0,0,0,0,0,0,0,0,0,0,0,0,0,0,1,0,12,0,0,0,0,0,0,1,0,0,0,0,0,0,0,0,0,0,0,0,1,1
136,0,0,2,0,0,0,0,0,0,0,0,0,136,0,0,2,0,2,1,0,3,0,0,0,0,1,0,0,0,2,0,0,0,0,4,0,0,4,0,0,0,0,0,0,0,1,3,0,1,0,0,0,0,1,1,2,0,1,2,0,0,0,0,0,0,0,0,0,0,0,0,0,0,0,0,0,0,0,1,0,3,2,3,0,0,1,0,0,2,0,1,0,0,0,0,0,0,0,2,0,0
137,0,0,0,0,0,0,0,0,0,2,0,0,137,0,0,0,0,0,0,0,8,0,0,0,5,0,0,0,0,4,0,0,0,0,8,0,0,2,0,0,2,2,0,0,0,1,0,0,0,0,0,0,0,5,1,2,0,0,0,0,0,1,0,0,0,2,0,0,0,0,0,0,0,0,0,0,0,0,1,0,8,0,8,0,0,17,0,0,8,0,0,0,0,0,0,0,0,0,2,0,0
138,0,0,0,0,0,0,0,0,0,2,0,0,138,0,0,0,0,0,0,0,8,0,0,0,8,0,0,0,0,3,0,0,0,0,9,0,0,0,0,0,5,0,0,0,0,0,0,0,0,0,0,0,0,8,0,0,0,0,0,0,0,0,0,0,0,5,0,0,0,0,0,0,0,0,0,0,0,0,2,0,9,0,9,0,0,2,0,0,9,0,0,0,0,0,0,0,0,0,0,0,0
139,0,0,0,0,0,0,0,0,0,4,0,0,139,0,0,0,0,0,0,0,7,0,0,0,8,0,0,0,0,3,0,0,0,0,7,0,0,0,0,0,6,1,0,0,0,0,0,0,0,0,4,0,1,12,0,0,0,0,0,0,0,0,0,0,0,2,0,4,0,0,0,0,0,0,4,0,0,0,1,0,7,0,7,0,0,0,0,0,7,0,0,0,0,0,0,0,0,0,0,0,0
140,0,0,0,2,0,0,1,0,1,0,0,0,140,2,0,0,0,0,0,0,2,0,0,0,0,0,1,0,0,1,2,0,0,2,2,1,1,1,0,0,0,0,0,2,0,0,0,0,0,3,1,3,0,1,4,1,0,0,0,0,0,1,0,0,0,1,0,1,0,2,0,0,0,0,1,3,0,2,0,0,2,0,2,1,0,0,1,0,2,0,0,2,0,2,0,3,0,0,1,2,0
141,0,0,0,3,0,2,2,0,3,0,0,2,141,3,0,0,0,0,0,0,0,0,0,0,0,0,2,0,0,0,2,0,2,1,0,1,3,0,0,0,0,0,0,3,0,0,0,3,0,2,1,2,1,1,0,0,0,0,0,0,0,0,0,0,0,0,0,2,0,1,0,0,0,0,2,2,0,3,0,0,0,0,0,0,0,0,2,0,0,0,0,0,0,3,0,2,0,0,0,2,0
142,0,0,0,2,0,4,2,0,2,0,0,4,142,2,0,0,0,0,0,0,0,0,0,0,0,0,3,0,0,0,1,0,4,2,0,2,2,0,0,0,0,0,0,3,0,0,0,3,0,2,1,2,1,1,0,0,0,0,0,0,0,0,0,0,0,0,0,1,0,2,0,0,0,0,0,2,0,2,0,0,0,0,0,0,0,0,2,0,0,0,0,2,0,2,0,2,0,0,0,2,0
143,0,0,0,0,0,0,0,0,0,0,0,0,143,0,0,0,0,0,0,0,0,0,13,0,0,0,0,14,7,0,0,0,0,0,0,0,0,0,0,0,0,0,0,0,0,0,0,0,0,0,0,0,0,1,22,0,0,0,0,0,0,0,0,0,0,0,0,0,0,0,0,0,0,0,2,0,0,0,0,13,0,0,0,0,0,2,0,0,0,0,0,0,0,0,0,0,0,0,0,0,1
144,0,0,0,4,0,6,3,0,3,0,0,6,144,4,0,0,0,0,0,0,0,0,0,0,0,0,3,0,0,0,1,0,6,1,0,0,3,0,0,0,0,0,0,0,0,0,0,0,0,5,0,4,0,0,0,0,0,0,0,0,0,0,0,0,0,0,0,0,0,1,0,0,0,0,0,4,0,4,0,0,0,0,0,0,0,0,0,0,0,0,0,7,0,4,0,4,0,0,0,4,0
145,0,0,0,1,0,3,3,0,3,1,0,3,145,1,0,0,0,0,0,0,0,0,0,0,0,0,1,0,0,0,1,0,3,1,0,1,3,1,0,0,0,0,0,8,0,0,0,9,0,0,0,1,2,0,0,1,0,0,0,0,0,0,0,0,0,0,0,0,0,1,0,0,0,0,0,0,0,1,0,0,0,0,0,0,0,0,6,0,0,0,0,1,0,1,0,1,0,0,1,3,0
146,0,0,0,4,0,4,2,0,2,0,0,4,146,4,1,0,0,0,0,0,0,0,0,0,0,0,3,0,0,0,1,0,4,1,0,1,2,0,0,0,0,0,0,0,0,0,0,0,0,4,0,4,0,0,0,0,0,0,0,0,0,0,0,0,0,0,0,0,0,1,0,0,0,0,0,4,0,4,0,0,0,0,0,0,0,0,0,0,0,0,0,7,0,4,0,4,0,0,0,2,0
147,0,0,0,0,0,4,2,0,2,1,0,5,147,0,0,0,0,0,0,0,1,0,0,0,1,0,1,0,0,0,0,0,4,0,1,0,3,0,0,0,0,1,0,4,0,0,11,6,0,0,0,0,2,1,2,0,0,0,0,0,0,0,0,0,0,0,0,0,0,0,0,0,0,0,0,0,0,0,0,0,1,0,1,2,0,0,3,0,1,0,0,0,0,0,0,0,0,0,0,2,0
148,0,1,0,0,0,0,0,0,0,0,0,0,148,0,0,0,0,0,0,0,0,0,0,0,0,0,0,0,0,0,0,0,0,0,0,0,0,0,0,0,0,0,0,0,0,0,0,0,0,0,1,0,0,1,0,0,0,1,0,0,0,0,0,0,0,0,0,0,0,0,0,0,0,0,0,0,0,0,0,0,0,0,2,0,0,8,0,0,0,0,0,0,0,0,0,0,0,0,0,0,0
149,0,0,0,1,0,0,0,0,0,2,1,0,149,1,0,0,0,0,0,0,4,0,0,0,1,0,1,0,3,2,1,0,0,1,4,2,0,0,0,0,0,1,0,0,0,0,0,0,2,1,0,1,0,1,1,0,0,0,0,0,0,0,0,1,0,0,0,0,0,1,0,0,0,0,0,1,0,1,2,0,4,0,4,0,0,3,0,0,4,0,0,0,0,1,1,1,0,0,0,0,0
